asteroid_diameter_km,asteroid_mass_kg,metal_concentration_pct,water_ice_content_pct,delta_v_km_s,distance_au,orbital_period_years,spin_rate_hours,estimated_market_value_usd,extraction_tech_readiness,regulatory_risk_score,composition_type_C-type,composition_type_M-type,composition_type_S-type
4.91,85513420186837.0,7.88,34.21,6.77,2.31,3.46,6.22,33690514602.0,3.0,0.155,1.0,0.0,0.0
8.12,387419742995500.0,1.14,28.18,8.22,2.31,3.55,25.85,32527716722.0,8.0,0.06,1.0,0.0,0.0
15.61,2748225721949552.0,5.92,30.33,6.02,2.17,3.21,34.61,1091299689128.0,1.0,0.267,1.0,0.0,0.0
18.05,4247264256730220.0,2.63,20.65,7.57,2.22,3.28,13.17,621472380578.0,6.0,0.351,1.0,0.0,0.0
5.63,128708188275944.0,5.09,26.24,6.47,1.84,2.56,15.64,65004604086.0,6.0,0.325,1.0,0.0,0.0
3.57,32739990213997.0,9.66,25.24,5.97,1.14,1.1,29.86,21218641571.0,5.0,0.337,1.0,0.0,0.0
1.36,1833160374151.0,4.61,14.49,4.56,1.53,1.79,9.76,729281458.0,4.0,0.554,1.0,0.0,0.0
2.81,16108197437477.0,4.05,29.86,5.71,1.29,1.52,8.97,4466332368.0,7.0,0.297,1.0,0.0,0.0
10.92,1847480354804483.2,21.16,2.01,7.75,2.41,3.79,22.61,1746701558569.0,8.0,0.267,0.0,0.0,1.0
2.41,10102829119137.0,4.64,22.51,5.55,1.34,1.53,24.93,2926245243.0,4.0,0.314,1.0,0.0,0.0
0.75,607685201725.0,13.9,0.85,7.97,2.33,3.64,19.17,704665791.0,4.0,0.138,0.0,0.0,1.0
9.55,1237490869099479.0,19.44,1.45,6.23,1.68,2.18,12.1,2191778941430.0,8.0,0.169,0.0,0.0,1.0
32.07,2.383537788042896e+16,7.08,11.22,4.77,1.34,1.34,16.19,7914530513636.0,6.0,0.149,1.0,0.0,0.0
5.66,504298167037296.0,51.01,0.13,9.45,2.61,4.34,17.03,1308774539276.0,9.0,0.355,0.0,1.0,0.0
2.89,34286835189843.0,14.6,0.97,9.07,2.19,3.25,6.32,34610541158.0,1.0,0.475,0.0,0.0,1.0
2.9,34594691101912.0,21.03,1.47,5.37,0.92,0.93,4.58,48351446235.0,8.0,0.365,0.0,0.0,1.0
10.4,811817684204246.0,9.06,25.13,5.78,1.21,1.37,5.83,274817204460.0,5.0,0.698,1.0,0.0,0.0
1.05,3221142314453.0,78.46,0.45,8.84,2.69,4.46,6.98,14484408552.0,9.0,0.162,0.0,1.0,0.0
5.37,111783277489714.0,2.32,22.2,7.32,1.92,2.71,5.51,14108991918.0,7.0,0.266,1.0,0.0,0.0
1.48,2349910521787.0,9.67,35.7,7.64,3.49,6.43,7.16,1636005440.0,1.0,0.076,1.0,0.0,0.0
2.69,14015537973770.0,8.23,16.01,3.26,1.0,0.91,10.89,7830232603.0,7.0,0.405,1.0,0.0,0.0
3.55,63608365715679.0,25.42,0.61,6.44,1.71,2.21,7.5,98891454650.0,1.0,0.785,0.0,0.0,1.0
2.06,6357167210293.0,2.63,26.29,10.24,4.13,8.47,8.0,1712498326.0,9.0,0.56,1.0,0.0,0.0
9.03,532293688441989.0,5.27,23.55,2.22,0.59,0.45,6.48,150407526372.0,2.0,0.195,1.0,0.0,0.0
0.61,160117277133.0,9.45,25.41,4.34,1.52,1.77,3.13,81415739.0,7.0,0.077,1.0,0.0,0.0
1.46,2242238256053.0,3.43,31.38,10.1,3.69,7.07,46.84,310082557.0,4.0,0.373,1.0,0.0,0.0
0.2,22296879752.0,67.76,0.73,7.72,1.7,2.37,3.63,61620319.0,2.0,0.495,0.0,1.0,0.0
41.1,5.015869215801373e+16,5.69,30.91,9.68,2.86,4.89,22.48,12400898060999.0,7.0,0.336,1.0,0.0,0.0
6.68,214902213952131.0,2.22,31.33,5.83,1.17,1.3,22.63,47391814525.0,1.0,0.327,1.0,0.0,0.0
3.73,37568371196773.0,9.31,34.71,5.09,1.31,1.61,27.81,22723185519.0,1.0,0.263,1.0,0.0,0.0
12.84,1530818994760828.0,0.9,27.03,8.35,2.34,3.63,5.92,96885695488.0,3.0,0.059,1.0,0.0,0.0
3.61,33964852056286.0,7.51,35.53,6.7,1.9,2.72,8.49,7025316146.0,3.0,0.117,1.0,0.0,0.0
17.79,4064916065738116.0,4.07,27.18,7.48,1.43,1.58,7.62,718491068442.0,1.0,0.567,1.0,0.0,0.0
18.13,4307511300457603.0,9.51,34.56,8.11,3.1,5.46,4.21,2032410281328.0,5.0,0.252,1.0,0.0,0.0
63.6,1.8589489670788813e+17,6.12,19.75,4.61,1.73,2.16,15.99,129252068982039.0,4.0,0.157,1.0,0.0,0.0
44.56,6.393145608307265e+16,4.81,24.64,6.75,0.85,0.87,5.3,25932173180182.0,3.0,0.269,1.0,0.0,0.0
1.84,4491379115556.0,14.47,34.63,8.29,1.82,2.39,5.29,5173209144.0,8.0,0.091,1.0,0.0,0.0
1.47,2308464610365.0,5.66,31.24,4.79,1.26,1.37,27.32,680159651.0,5.0,0.148,1.0,0.0,0.0
6.44,378558224585402.0,17.29,1.08,5.82,2.11,3.33,9.78,373998290222.0,9.0,0.328,0.0,0.0,1.0
1.32,1646440646862.0,5.51,34.01,3.38,1.44,1.56,10.29,478233952.0,3.0,0.141,1.0,0.0,0.0
1.81,8408444322108.0,15.92,2.81,8.51,2.45,3.7,30.42,9623333898.0,3.0,0.049,0.0,0.0,1.0
1.78,8051414716244.0,19.84,1.91,6.16,1.22,1.16,50.84,7510633592.0,9.0,0.386,0.0,0.0,1.0
5.43,115945499356894.0,7.65,35.29,7.55,1.78,2.28,18.72,85925762625.0,3.0,0.171,1.0,0.0,0.0
5.82,279409205861162.0,10.19,0.32,5.79,2.01,2.94,12.0,224027924460.0,7.0,0.092,0.0,0.0,1.0
1.25,2760770657380.0,16.4,0.92,4.33,1.47,1.73,21.29,3434788260.0,1.0,0.359,0.0,0.0,1.0
2.28,8536668660789.0,2.12,28.3,6.49,1.49,1.76,13.99,1209549480.0,3.0,0.163,1.0,0.0,0.0
0.68,447587548395.0,7.4,2.1,6.16,1.31,1.64,6.13,319698864.0,3.0,0.568,0.0,0.0,1.0
13.49,1774002722256996.0,7.62,15.36,4.98,1.4,1.75,6.91,738156543065.0,2.0,0.162,1.0,0.0,0.0
2.6,12765563150613.0,7.21,29.78,8.27,2.61,4.26,59.62,7553765136.0,2.0,0.708,1.0,0.0,0.0
8.06,378466508563586.0,8.31,30.54,6.92,1.9,2.6,57.2,133853532891.0,7.0,0.362,1.0,0.0,0.0
11.14,1000257246980181.0,8.18,31.42,7.17,1.62,1.91,11.59,664590123442.0,1.0,0.478,1.0,0.0,0.0
4.77,302308768972230.0,63.8,0.59,4.92,1.06,1.15,27.45,1659258907631.0,7.0,0.346,0.0,1.0,0.0
6.83,451324868246990.0,4.34,1.71,7.11,1.7,2.19,29.27,158077715080.0,2.0,0.274,0.0,0.0,1.0
2.38,9699107408096.0,2.92,31.45,7.85,2.03,2.99,93.83,1681128869.0,7.0,0.291,1.0,0.0,0.0
8.09,382940056397392.0,5.65,34.3,10.11,3.34,6.23,7.85,181857800758.0,7.0,0.108,1.0,0.0,0.0
3.76,75242170044503.0,3.9,3.7,5.0,1.88,2.44,49.33,49246347672.0,1.0,0.321,0.0,0.0,1.0
1.31,3215123648413.0,6.82,0.96,4.85,1.7,2.17,4.46,1323910372.0,6.0,0.346,0.0,0.0,1.0
12.19,1309202787996065.0,1.28,29.34,8.31,2.22,3.32,4.48,125921766114.0,8.0,0.133,1.0,0.0,0.0
3.14,22283027804514.0,5.61,22.31,7.77,2.08,2.98,99.59,7780071991.0,2.0,0.259,1.0,0.0,0.0
0.95,615205207066.0,9.58,21.96,7.15,1.71,2.33,3.16,248294100.0,2.0,0.155,1.0,0.0,0.0
0.65,195192873073.0,0.3,14.31,7.67,2.2,3.14,19.57,8077968.0,4.0,0.376,1.0,0.0,0.0
1.25,1419688121099.0,5.52,30.46,8.38,2.95,4.97,13.77,674119438.0,6.0,0.302,1.0,0.0,0.0
1.93,5195972673673.0,1.62,20.39,7.05,2.75,4.5,1.87,923839682.0,2.0,0.285,1.0,0.0,0.0
1.09,932870084831.0,4.27,19.36,6.11,1.65,2.14,22.14,285013951.0,4.0,0.434,1.0,0.0,0.0
4.06,48390798091818.0,4.92,23.86,7.64,2.49,3.95,8.23,17723164371.0,6.0,0.204,1.0,0.0,0.0
7.18,268002990119304.0,2.08,17.74,4.43,1.08,1.15,4.07,67619599732.0,1.0,0.705,1.0,0.0,0.0
2.23,8012498424170.0,1.69,28.69,8.96,3.29,5.99,15.06,1193256801.0,7.0,0.219,1.0,0.0,0.0
7.14,263469310393089.0,6.11,27.03,8.5,2.96,5.33,28.79,101606224307.0,5.0,0.189,1.0,0.0,0.0
12.75,1497757377444161.0,11.81,17.55,6.77,1.83,2.39,10.32,731084690866.0,8.0,0.149,1.0,0.0,0.0
1.68,3419649072639.0,5.88,26.57,6.87,2.1,2.99,18.13,1375689831.0,1.0,0.349,1.0,0.0,0.0
53.19,2.1348715104995782e+17,17.73,2.65,8.43,2.04,3.02,11.43,229597515866789.0,8.0,0.438,0.0,0.0,1.0
52.85,1.0665979728443917e+17,6.83,27.18,7.49,2.11,3.01,152.5,36029612704511.0,4.0,0.288,1.0,0.0,0.0
18.84,4831572522690074.0,1.57,22.11,5.75,1.97,2.81,4.55,464859829908.0,4.0,0.384,1.0,0.0,0.0
3.59,65554606317306.0,22.84,2.19,7.38,1.56,1.89,11.39,61857695713.0,4.0,0.316,0.0,0.0,1.0
4.64,71988478279809.0,11.19,29.8,6.41,1.86,2.4,14.04,44189847952.0,7.0,0.178,1.0,0.0,0.0
14.81,2346841321972621.0,4.02,21.85,5.59,1.6,1.84,2.44,517115205114.0,3.0,0.337,1.0,0.0,0.0
3.84,157132468961058.0,70.35,0.06,5.53,1.02,1.16,11.19,857965108165.0,9.0,0.342,0.0,1.0,0.0
0.9,2058447253757.0,51.55,0.67,6.57,1.67,2.24,30.4,8947600778.0,5.0,0.157,0.0,1.0,0.0
80.17,7.310339335435707e+17,15.14,1.43,7.3,2.2,3.21,17.09,942578196163100.0,5.0,0.146,0.0,0.0,1.0
21.71,7396379840105240.0,1.42,29.43,6.26,1.42,1.67,8.02,515148971083.0,4.0,0.195,1.0,0.0,0.0
10.34,797952224519682.0,8.4,16.25,7.85,2.16,3.11,5.32,388958778125.0,2.0,0.029,1.0,0.0,0.0
1.46,2259829263094.0,6.63,21.45,4.96,1.01,1.0,19.15,1000624941.0,2.0,0.188,1.0,0.0,0.0
3.95,44658145873350.0,4.78,22.17,5.1,1.33,1.55,2.94,9091013094.0,6.0,0.393,1.0,0.0,0.0
2.07,6413391886388.0,1.42,23.08,10.72,3.15,5.54,5.79,945306766.0,5.0,0.236,1.0,0.0,0.0
1.34,6749962569889.0,43.74,0.42,4.89,1.48,1.8,70.17,13326063122.0,9.0,0.066,0.0,1.0,0.0
1.98,5584029358171.0,7.39,29.49,8.41,2.89,4.9,5.44,2185828825.0,5.0,0.538,1.0,0.0,0.0
16.5,3243077335046416.0,5.06,24.32,6.13,1.57,2.07,11.61,1329316479752.0,5.0,0.38,1.0,0.0,0.0
31.14,2.181616303932245e+16,6.54,28.39,5.79,0.73,0.65,5.17,12826279590691.0,4.0,0.096,1.0,0.0,0.0
3.88,82809837215110.0,19.81,3.8,6.97,2.1,2.8,9.96,96923787520.0,6.0,0.441,0.0,0.0,1.0
1.24,1392308830234.0,2.09,29.79,5.64,1.26,1.44,13.72,239899912.0,2.0,0.448,1.0,0.0,0.0
8.24,795274889940182.0,12.99,3.57,5.71,1.86,2.61,10.82,585624690935.0,6.0,0.209,0.0,0.0,1.0
3.36,27292286255130.0,6.77,25.08,7.75,2.37,3.35,9.45,9069468597.0,7.0,0.062,1.0,0.0,0.0
2.63,13187083285075.0,3.2,17.04,6.28,1.38,1.61,28.94,1959341921.0,3.0,0.488,1.0,0.0,0.0
3.31,26221542562737.0,16.48,34.68,9.49,2.35,3.62,13.59,18340804628.0,3.0,0.425,1.0,0.0,0.0
6.59,206838830092155.0,6.11,25.88,5.42,1.48,1.72,10.0,122887657986.0,8.0,0.284,1.0,0.0,0.0
10.85,923057883902152.0,5.47,29.49,5.11,1.07,1.06,8.99,447383070625.0,2.0,0.614,1.0,0.0,0.0
6.19,171055167203411.0,1.89,33.58,5.48,2.05,2.8,12.21,20026972569.0,9.0,0.247,1.0,0.0,0.0
23.54,9422222590459448.0,2.19,26.38,4.34,1.01,1.08,5.52,1347380124257.0,1.0,0.529,1.0,0.0,0.0
0.49,171972569995.0,12.79,3.46,8.28,2.3,3.38,12.82,151668201.0,8.0,0.219,0.0,0.0,1.0
3.51,31254539180870.0,4.56,34.39,10.58,3.24,5.72,5.47,10849199495.0,3.0,0.08,1.0,0.0,0.0
4.43,62942746524559.0,5.72,24.3,4.95,0.98,1.01,15.75,29976714676.0,8.0,0.245,1.0,0.0,0.0
49.76,3.4330622679821235e+17,70.22,0.44,5.18,1.42,1.85,10.23,2086352183491200.0,7.0,0.274,0.0,1.0,0.0
4.5,65760515402256.0,7.31,28.32,7.97,2.48,3.83,1.71,37905689347.0,4.0,0.022,1.0,0.0,0.0
7.05,252905693436595.0,1.92,16.14,2.52,0.81,0.88,15.5,43374925673.0,9.0,0.118,1.0,0.0,0.0
1.66,3305967343679.0,2.87,18.68,6.89,2.11,2.92,3.8,383809114.0,4.0,0.108,1.0,0.0,0.0
4.54,132580297793029.0,8.43,0.78,8.65,3.06,5.43,21.9,66025385826.0,9.0,0.238,0.0,0.0,1.0
6.0,156450002386157.0,7.95,27.35,5.78,2.29,3.56,4.5,124021989687.0,1.0,0.413,1.0,0.0,0.0
1.08,904565652287.0,5.22,29.84,8.61,2.25,3.4,35.01,375785743.0,6.0,0.187,1.0,0.0,0.0
1.82,4343177119382.0,6.91,26.2,5.16,1.38,1.74,5.47,1995311364.0,7.0,0.465,1.0,0.0,0.0
0.68,223139565427.0,1.75,17.2,3.8,0.73,0.65,15.35,16797538.0,4.0,0.158,1.0,0.0,0.0
13.75,1879207822951380.0,1.02,29.67,8.72,3.02,5.16,3.96,298857012305.0,4.0,0.152,1.0,0.0,0.0
27.16,1.447032186275136e+16,5.05,27.82,6.13,1.32,1.54,13.23,5741197677407.0,3.0,0.527,1.0,0.0,0.0
0.15,2288864311.0,6.57,25.36,6.27,1.54,1.96,9.96,597117.0,8.0,0.133,1.0,0.0,0.0
0.21,6610723539.0,8.73,16.64,7.21,1.8,2.44,5.55,2823034.0,8.0,0.321,1.0,0.0,0.0
0.72,267855180267.0,4.55,29.17,7.95,2.94,5.16,34.64,96711702.0,6.0,0.156,1.0,0.0,0.0
34.95,3.085963950748958e+16,7.43,29.55,5.64,0.84,0.67,20.88,18012253062228.0,3.0,0.44,1.0,0.0,0.0
3.82,40148782484774.0,3.26,26.01,6.73,1.89,2.55,2.91,10001973216.0,9.0,0.18,1.0,0.0,0.0
1.38,1892879659806.0,6.1,32.8,4.81,1.31,1.39,16.57,580308404.0,1.0,0.184,1.0,0.0,0.0
18.7,4728581324117338.0,1.05,32.21,8.1,2.62,4.39,12.65,315427704104.0,3.0,0.383,1.0,0.0,0.0
8.76,485427914980121.0,2.61,33.35,6.44,1.92,2.74,6.95,73459414327.0,1.0,0.28,1.0,0.0,0.0
8.08,380910234236240.0,3.89,33.11,6.29,1.63,2.0,4.23,87913357177.0,1.0,0.202,1.0,0.0,0.0
4.34,58954005586461.0,4.5,28.54,5.76,1.12,1.05,21.16,13329927141.0,3.0,0.054,1.0,0.0,0.0
8.99,524126642541351.0,1.91,15.76,7.72,1.84,2.5,3.45,55183596859.0,1.0,0.22,1.0,0.0,0.0
3.28,50267931374451.0,5.35,3.16,7.92,2.2,3.22,4.88,17795871996.0,3.0,0.37,0.0,0.0,1.0
4.84,82036298102581.0,8.75,35.46,5.94,2.23,3.41,6.01,57354048943.0,4.0,0.253,1.0,0.0,0.0
0.75,310187361968.0,1.95,26.79,8.84,2.37,3.58,9.38,87470845.0,8.0,0.064,1.0,0.0,0.0
15.81,2856663862832986.0,11.02,24.9,4.92,0.93,1.07,17.84,2849067576608.0,9.0,0.108,1.0,0.0,0.0
7.87,351651714265055.0,9.01,23.95,4.23,0.77,0.68,21.22,156512322294.0,7.0,0.016,1.0,0.0,0.0
33.56,2.730368207077398e+16,5.8,30.51,7.3,2.23,3.23,28.57,5641224553361.0,2.0,0.357,1.0,0.0,0.0
0.86,465897233213.0,3.67,23.53,5.97,2.02,3.01,6.14,77701372.0,3.0,0.324,1.0,0.0,0.0
11.24,1025507527672340.0,1.23,12.83,8.98,3.85,7.44,10.2,126351356146.0,9.0,0.12,1.0,0.0,0.0
24.4,1.049913251681068e+16,2.3,32.28,8.88,2.41,3.7,10.73,1299705194735.0,8.0,0.635,1.0,0.0,0.0
2.01,22626573000077.0,59.41,0.91,7.3,2.19,3.04,9.8,135173129810.0,5.0,0.317,0.0,1.0,0.0
6.18,656587554636752.0,68.29,0.5,6.15,2.13,3.28,8.97,3251801537173.0,6.0,0.319,0.0,1.0,0.0
8.24,403929528272576.0,7.31,26.3,10.15,2.81,4.61,18.68,144672682233.0,3.0,0.26,1.0,0.0,0.0
6.76,223377946172749.0,5.33,20.49,8.25,3.0,5.24,3.65,40866193613.0,7.0,0.173,1.0,0.0,0.0
15.43,2654666597085498.0,7.34,27.2,5.56,1.02,1.0,6.85,972697047118.0,9.0,0.063,1.0,0.0,0.0
4.12,50463904320200.0,6.76,18.62,6.81,1.38,1.73,2.15,13464158066.0,5.0,0.173,1.0,0.0,0.0
3.98,45651262344418.0,1.77,29.71,5.48,1.63,2.1,6.72,10021539360.0,6.0,0.278,1.0,0.0,0.0
2.12,13435404184770.0,25.84,2.24,4.1,1.52,1.9,7.76,24544389467.0,6.0,0.211,0.0,0.0,1.0
19.11,1.942977864962426e+16,66.73,0.38,7.19,1.51,1.97,3.19,156460368049393.0,3.0,0.263,0.0,1.0,0.0
4.46,64257976832952.0,11.14,25.96,5.19,1.5,1.77,7.14,38016628491.0,7.0,0.211,1.0,0.0,0.0
10.07,738339752268142.0,1.65,26.55,9.39,3.25,5.76,3.81,99017508409.0,8.0,0.346,1.0,0.0,0.0
4.6,70219889143773.0,0.88,10.93,4.51,0.95,1.02,16.76,6594080032.0,7.0,0.341,1.0,0.0,0.0
0.24,10543865881.0,12.14,31.31,11.47,4.08,8.32,12.3,11720230.0,2.0,0.041,1.0,0.0,0.0
22.09,7785381007216262.0,7.89,29.06,7.0,1.54,1.93,5.08,3247551952851.0,7.0,0.178,1.0,0.0,0.0
0.22,8044178171.0,2.26,30.52,5.92,1.62,2.1,6.31,1430587.0,6.0,0.158,1.0,0.0,0.0
32.15,2.40119881839295e+16,6.19,30.3,8.58,2.87,4.77,66.53,6929846567125.0,4.0,0.177,1.0,0.0,0.0
1.12,1004953261739.0,3.28,28.79,11.83,3.67,7.09,15.69,165288003.0,4.0,0.467,1.0,0.0,0.0
2.87,17032265604929.0,8.07,19.44,7.29,1.78,2.51,23.88,7394860596.0,5.0,0.406,1.0,0.0,0.0
40.68,4.865525762875186e+16,7.91,15.47,3.87,1.23,1.23,14.29,16544890353403.0,5.0,0.523,1.0,0.0,0.0
2.12,6913777870901.0,6.08,21.12,5.27,1.87,2.56,6.39,1596825510.0,1.0,0.142,1.0,0.0,0.0
4.27,56410502849703.0,0.81,24.38,5.46,1.95,2.61,14.07,5497862544.0,6.0,0.595,1.0,0.0,0.0
1.31,1629024465459.0,7.62,27.04,5.29,0.93,0.81,17.99,544927126.0,4.0,0.557,1.0,0.0,0.0
6.41,374439230573726.0,17.92,4.74,5.04,2.43,3.81,19.04,288344867067.0,6.0,0.192,0.0,0.0,1.0
0.85,437181444804.0,6.29,25.9,5.58,1.37,1.39,5.59,130695052.0,5.0,0.482,1.0,0.0,0.0
5.34,110302124474673.0,3.55,32.05,8.05,2.34,3.49,2.48,19938658909.0,8.0,0.194,1.0,0.0,0.0
0.77,333972824541.0,14.16,13.59,5.38,1.09,1.16,11.58,305391214.0,7.0,0.205,1.0,0.0,0.0
1.65,6381728518568.0,22.21,0.71,6.55,1.89,2.79,13.75,6968781707.0,8.0,0.409,0.0,0.0,1.0
4.29,56886261630189.0,5.32,35.59,12.31,4.29,8.95,7.49,35495414219.0,9.0,0.211,1.0,0.0,0.0
4.29,112348957016051.0,17.16,1.01,4.79,1.01,1.08,4.34,185824318000.0,8.0,0.26,0.0,0.0,1.0
14.84,2363479818282366.0,8.18,31.54,4.47,1.13,1.34,16.35,1163608151024.0,4.0,0.478,1.0,0.0,0.0
14.06,2009019931199228.8,7.31,29.34,7.57,2.75,4.51,4.66,1029455924101.0,7.0,0.336,1.0,0.0,0.0
33.24,2.654801160651482e+16,4.6,22.35,5.07,1.78,2.45,4.31,7436716150326.0,4.0,0.093,1.0,0.0,0.0
0.61,164572274786.0,14.99,17.91,11.47,4.26,8.91,10.94,167228121.0,3.0,0.123,1.0,0.0,0.0
23.03,1.7340925097797428e+16,11.37,3.78,7.29,2.11,3.09,4.83,19451807158797.0,8.0,0.375,0.0,0.0,1.0
3.1,21478496459476.0,4.29,31.57,4.38,1.04,1.14,15.02,3966328398.0,9.0,0.362,1.0,0.0,0.0
17.6,3938742291021204.0,4.47,37.01,4.3,1.21,1.16,6.74,1230272199834.0,5.0,0.392,1.0,0.0,0.0
0.8,366870334204.0,11.48,31.05,7.78,2.09,3.15,6.52,273255214.0,4.0,0.727,1.0,0.0,0.0
4.29,56924250556932.0,4.86,31.58,9.5,2.94,4.99,51.78,22428717028.0,9.0,0.318,1.0,0.0,0.0
1.4,1968443988607.0,2.83,14.55,6.99,2.01,2.84,6.11,390196895.0,2.0,0.383,1.0,0.0,0.0
5.87,146045603912016.0,8.49,25.3,11.77,3.53,6.65,8.85,63383709103.0,6.0,0.182,1.0,0.0,0.0
12.0,1247366450391937.0,1.08,27.94,4.41,1.49,1.91,9.61,161554158065.0,9.0,0.028,1.0,0.0,0.0
4.36,59903138027140.0,1.51,19.54,5.58,1.37,1.61,9.27,6247668073.0,3.0,0.103,1.0,0.0,0.0
1.81,4265637306837.0,5.67,31.78,8.69,2.65,4.32,54.7,1519811698.0,4.0,0.171,1.0,0.0,0.0
1.14,1062087413781.0,9.12,29.04,4.52,2.51,3.87,22.89,654188772.0,9.0,0.172,1.0,0.0,0.0
10.05,1441402556461328.0,14.93,1.27,10.63,3.94,7.68,14.94,2162168595378.0,3.0,0.101,0.0,0.0,1.0
8.3,413234116107700.0,9.75,32.04,8.17,2.65,4.45,8.57,239648903469.0,1.0,0.355,1.0,0.0,0.0
26.88,1.4026908001768368e+16,3.52,30.04,10.51,2.84,4.74,3.49,3605111819718.0,2.0,0.179,1.0,0.0,0.0
0.95,610460861233.0,2.71,31.41,8.05,2.22,3.19,16.58,139096519.0,3.0,0.26,1.0,0.0,0.0
1.55,2690599806880.0,5.84,32.07,5.54,1.2,1.39,7.64,1042128160.0,3.0,0.698,1.0,0.0,0.0
16.97,6938483283399411.0,19.85,5.03,7.83,2.68,4.24,10.74,7062907652235.0,3.0,0.042,0.0,0.0,1.0
54.17,1.1484591698191304e+17,2.69,25.06,7.47,1.44,1.73,56.96,33252736093674.0,6.0,0.119,1.0,0.0,0.0
3.0,19489243933004.0,13.31,23.55,8.18,2.11,3.2,12.14,17917499963.0,6.0,0.283,1.0,0.0,0.0
2.62,13050070763145.0,11.52,21.8,12.17,4.49,9.47,7.47,9351266243.0,1.0,0.094,1.0,0.0,0.0
10.3,788580191006563.0,4.11,34.69,5.51,1.37,1.63,12.74,170638844626.0,4.0,0.494,1.0,0.0,0.0
17.13,3631201664417046.5,14.08,27.4,9.68,3.53,6.59,24.94,2741547649161.0,2.0,0.289,1.0,0.0,0.0
8.55,452403955963689.0,8.91,34.55,6.42,1.23,1.39,37.21,382445362016.0,7.0,0.403,1.0,0.0,0.0
3.92,43581820174955.0,5.41,34.22,9.45,2.75,4.55,49.94,9322245101.0,4.0,0.587,1.0,0.0,0.0
66.88,2.161705189983927e+17,1.07,26.76,5.09,1.47,1.97,5.76,26528139731152.0,5.0,0.366,1.0,0.0,0.0
2.68,27222915587954.0,7.25,2.18,4.94,0.76,0.66,6.54,10018499732.0,2.0,0.35,0.0,0.0,1.0
11.93,1226240030692223.0,2.6,21.2,7.86,2.35,3.6,13.95,154937320286.0,5.0,0.355,1.0,0.0,0.0
4.61,139366770612006.0,24.92,1.78,8.81,3.24,5.61,14.03,130140422990.0,6.0,0.237,0.0,0.0,1.0
7.64,322345361296426.0,8.09,33.67,6.9,2.6,4.24,2.54,173598296673.0,8.0,0.526,1.0,0.0,0.0
25.64,1.2176194249085058e+16,11.63,20.78,6.8,1.12,1.12,9.72,8119608767669.0,3.0,0.39,1.0,0.0,0.0
5.18,386277682737150.0,76.96,0.02,7.76,2.43,3.71,39.53,2417741624133.0,9.0,0.555,0.0,1.0,0.0
2.89,17482914494712.0,8.39,34.6,7.25,1.73,2.29,32.31,6917925203.0,9.0,0.173,1.0,0.0,0.0
11.7,1158457621581679.0,11.64,25.1,7.56,1.55,1.99,16.06,566926703474.0,9.0,0.223,1.0,0.0,0.0
9.72,664341927439859.0,1.52,21.59,9.16,2.41,3.75,12.68,60543690722.0,3.0,0.353,1.0,0.0,0.0
8.53,881261574624950.0,1.86,2.25,7.18,2.52,4.02,59.37,303413987643.0,2.0,0.319,0.0,0.0,1.0
7.51,1179202509844587.0,53.77,1.12,6.02,1.49,2.01,37.08,4413139997757.0,2.0,0.224,0.0,1.0,0.0
7.2,269312232782112.0,7.65,33.43,7.68,3.04,5.27,52.49,111858386207.0,2.0,0.459,1.0,0.0,0.0
70.72,2.555279716765643e+17,3.38,16.34,5.73,1.46,1.67,8.56,63973984198950.0,5.0,0.35,1.0,0.0,0.0
11.51,1100956346447495.0,6.95,24.39,8.25,2.24,3.29,9.52,402050454820.0,3.0,0.384,1.0,0.0,0.0
24.65,1.0816945470814522e+16,5.39,32.44,9.7,3.57,6.62,14.94,2401875441533.0,2.0,0.254,1.0,0.0,0.0
10.97,1875127412090899.2,9.27,0.5,6.78,2.35,3.35,19.09,1173087745148.0,3.0,0.136,0.0,0.0,1.0
1.72,3661828789380.0,7.04,26.53,7.71,2.1,3.03,26.15,1661574912.0,1.0,0.351,1.0,0.0,0.0
0.65,748240508482.0,59.76,0.84,3.75,0.89,0.64,3.27,1726741312.0,4.0,0.478,0.0,1.0,0.0
2.23,7972316770459.0,7.98,26.19,4.88,1.86,2.66,4.69,4906348912.0,8.0,0.458,1.0,0.0,0.0
5.85,144710543231061.0,4.47,15.4,5.93,2.14,3.12,11.21,31473316534.0,4.0,0.319,1.0,0.0,0.0
2.04,6174213194690.0,8.59,12.09,7.54,1.99,2.93,5.27,2828845215.0,6.0,0.122,1.0,0.0,0.0
1.28,1512465071321.0,8.84,33.41,4.89,1.06,1.19,4.98,774264056.0,6.0,0.204,1.0,0.0,0.0
24.03,1.0023959813104352e+16,6.01,22.81,6.25,1.34,1.75,4.76,3457005217381.0,9.0,0.118,1.0,0.0,0.0
1.33,1685276567408.0,0.41,31.59,6.0,1.6,2.15,13.03,92232886.0,4.0,0.283,1.0,0.0,0.0
4.24,54934404709577.0,1.3,18.51,6.31,1.05,1.05,23.76,9700472965.0,3.0,0.71,1.0,0.0,0.0
2.09,6556521856114.0,4.42,20.96,6.73,2.11,3.05,8.11,1862317802.0,9.0,0.415,1.0,0.0,0.0
6.21,339543770624117.0,4.95,5.46,6.16,1.6,2.0,28.92,127503284950.0,4.0,0.509,0.0,0.0,1.0
19.75,1.0936427648248012e+16,9.26,3.15,7.77,2.21,3.36,12.73,7186278681204.0,6.0,0.094,0.0,0.0,1.0
5.19,101156321036516.0,7.66,27.36,4.96,1.23,1.47,24.02,55553013771.0,9.0,0.345,1.0,0.0,0.0
2.32,8970625104090.0,4.47,32.18,7.27,2.44,3.79,27.91,1622565684.0,8.0,0.473,1.0,0.0,0.0
7.72,332878447639743.0,9.7,33.33,7.71,2.2,3.2,12.12,295961149031.0,8.0,0.289,1.0,0.0,0.0
18.64,9187184933443862.0,9.36,1.34,4.52,0.99,1.02,16.44,3058749201052.0,6.0,0.491,0.0,0.0,1.0
34.26,2.906347939402267e+16,2.71,22.59,9.68,2.49,3.75,9.16,6791097349193.0,5.0,0.695,1.0,0.0,0.0
0.54,430874680331.0,65.22,0.59,6.94,2.65,4.37,28.69,2862024032.0,6.0,0.244,0.0,1.0,0.0
5.08,94649243973071.0,7.54,17.42,7.11,2.24,3.32,48.11,35318765756.0,3.0,0.553,1.0,0.0,0.0
3.47,30105084464579.0,0.79,17.9,6.38,1.77,2.51,11.98,3678499767.0,7.0,0.143,1.0,0.0,0.0
0.56,123945207280.0,10.33,22.44,4.92,1.24,1.3,15.74,62291926.0,5.0,0.524,1.0,0.0,0.0
5.68,132625946855939.0,8.61,28.9,8.03,2.89,5.01,13.18,93923949989.0,6.0,0.358,1.0,0.0,0.0
26.19,2.549231289214969e+16,9.73,4.73,4.73,1.7,2.32,13.81,19031396834171.0,8.0,0.397,0.0,0.0,1.0
4.35,117008024670533.0,10.63,2.91,5.69,0.81,0.76,14.44,92617348206.0,8.0,0.184,0.0,0.0,1.0
12.93,1562823052000294.0,12.26,29.61,8.16,2.44,3.77,8.37,1024064759605.0,2.0,0.273,1.0,0.0,0.0
1.14,1067130323432.0,6.11,13.6,5.32,0.85,0.62,13.41,227957627.0,1.0,0.134,1.0,0.0,0.0
4.35,59617534438054.0,2.77,32.9,6.86,2.17,3.1,11.0,10856481367.0,2.0,0.58,1.0,0.0,0.0
1.03,792613366023.0,6.64,20.17,8.39,2.46,3.95,10.98,576899042.0,1.0,0.477,1.0,0.0,0.0
1.71,3603211283713.0,3.76,23.94,8.49,2.09,2.9,8.47,811922642.0,2.0,0.591,1.0,0.0,0.0
34.91,3.073821836101112e+16,9.02,33.41,5.49,1.37,1.62,45.22,14045947569994.0,3.0,0.399,1.0,0.0,0.0
3.67,35638116246148.0,6.41,35.3,7.11,1.68,2.09,6.6,15415451773.0,8.0,0.403,1.0,0.0,0.0
8.91,1003467784312415.0,9.89,2.68,7.08,1.96,2.99,8.6,504048238660.0,1.0,0.343,0.0,0.0,1.0
4.07,48830001427414.0,6.64,23.2,7.39,1.21,1.3,24.97,15865781251.0,6.0,0.473,1.0,0.0,0.0
59.67,1.534858230166322e+17,7.9,28.13,5.48,1.83,2.52,9.35,66676485754734.0,8.0,0.347,1.0,0.0,0.0
1.03,3039482689975.0,53.45,0.41,5.42,1.89,2.56,13.62,8127378369.0,8.0,0.278,0.0,1.0,0.0
8.83,498143725129486.0,10.71,29.98,9.12,2.92,4.91,34.93,301065633832.0,5.0,0.734,1.0,0.0,0.0
4.11,50264013410396.0,10.71,28.65,7.85,1.92,2.71,49.06,24732775482.0,5.0,0.158,1.0,0.0,0.0
4.81,80618104631090.0,4.35,24.55,8.28,1.79,2.45,10.45,21567662389.0,4.0,0.131,1.0,0.0,0.0
5.61,127338228020768.0,3.8,32.75,5.95,1.4,1.81,18.74,29679051531.0,1.0,0.311,1.0,0.0,0.0
4.91,168422863118530.0,23.22,3.85,9.72,3.12,5.44,17.8,238348700151.0,6.0,0.105,0.0,0.0,1.0
18.68,4708608348394354.0,11.38,32.07,12.62,4.19,8.43,16.38,3723577207572.0,2.0,0.393,1.0,0.0,0.0
10.49,1639804946742142.0,12.01,5.69,10.61,4.1,8.39,11.72,716054282499.0,2.0,0.242,0.0,0.0,1.0
1.52,2513628224475.0,0.85,29.92,6.98,1.84,2.51,22.28,306153438.0,2.0,0.105,1.0,0.0,0.0
1.54,2664674938023.0,12.86,35.4,7.77,1.35,1.49,53.78,891005565.0,7.0,0.13,1.0,0.0,0.0
3.2,23643609367436.0,5.03,15.36,6.62,2.01,2.83,22.48,12588929404.0,1.0,0.35,1.0,0.0,0.0
6.48,196707534247654.0,6.06,25.07,5.44,1.45,1.59,26.62,82727800315.0,8.0,0.78,1.0,0.0,0.0
2.87,33639718128197.0,6.6,3.26,5.82,1.31,1.51,61.24,14227313797.0,9.0,0.273,0.0,0.0,1.0
7.02,491038581924090.0,13.83,2.48,4.86,1.69,2.08,2.78,461027897951.0,8.0,0.02,0.0,0.0,1.0
8.7,475334017521999.0,12.03,25.69,8.03,1.92,2.65,6.02,290823724495.0,6.0,0.25,1.0,0.0,0.0
3.05,20528283255871.0,12.87,32.61,8.43,2.98,4.96,25.8,11453226538.0,4.0,0.493,1.0,0.0,0.0
13.03,1599945395822912.0,4.77,24.73,5.44,1.6,1.99,23.47,421158469632.0,5.0,0.183,1.0,0.0,0.0
10.48,832343446459281.0,4.71,28.4,10.68,3.25,6.05,18.99,299192020413.0,4.0,0.352,1.0,0.0,0.0
2.68,53461176186505.0,49.37,0.7,7.32,2.32,3.6,7.59,159443274969.0,6.0,0.333,0.0,1.0,0.0
7.17,1027555684871505.0,65.41,0.16,6.26,1.72,2.15,14.16,4826258905669.0,5.0,0.193,0.0,1.0,0.0
0.32,23738726662.0,12.65,22.09,9.9,3.2,5.69,8.23,16008785.0,1.0,0.026,1.0,0.0,0.0
25.23,1.1608302936124198e+16,6.17,24.51,4.3,1.18,1.15,32.98,8994197082279.0,2.0,0.331,1.0,0.0,0.0
4.74,76878441234636.0,17.5,15.86,5.32,1.59,1.85,1.49,111079839289.0,6.0,0.168,1.0,0.0,0.0
12.29,2633939275329092.0,17.73,2.84,6.27,1.21,1.47,4.06,5441420803519.0,5.0,0.436,0.0,0.0,1.0
1.35,1775107788875.0,5.13,29.58,9.8,3.27,5.92,37.45,1027177115.0,2.0,0.123,1.0,0.0,0.0
58.6,1.4539758095839133e+17,9.84,31.7,10.64,4.41,9.3,26.03,99473430924796.0,1.0,0.27,1.0,0.0,0.0
9.65,648383741725564.0,3.26,31.22,4.8,1.65,2.02,18.52,97431778402.0,4.0,0.327,1.0,0.0,0.0
1.95,10542981094867.0,9.97,0.87,5.73,1.74,2.3,22.92,7326757679.0,8.0,0.47,0.0,0.0,1.0
4.8,79862081480987.0,8.82,34.04,7.77,2.31,3.42,22.55,40936691817.0,1.0,0.287,1.0,0.0,0.0
6.0,156190424600362.0,6.58,27.36,5.34,1.09,1.06,10.45,43840298465.0,7.0,0.318,1.0,0.0,0.0
6.44,193357651513154.0,6.64,22.3,8.94,2.76,4.7,20.63,91910314612.0,3.0,0.3,1.0,0.0,0.0
17.79,4066794748662587.0,6.03,17.26,7.25,1.57,1.99,12.02,1018168167627.0,4.0,0.482,1.0,0.0,0.0
1.24,2711803448579.0,7.45,3.78,5.83,1.16,1.21,8.31,2862754573.0,8.0,0.396,0.0,0.0,1.0
7.67,325969797657601.0,5.39,28.07,7.28,2.23,3.57,6.82,234625444742.0,4.0,0.234,1.0,0.0,0.0
5.68,132477456679487.0,7.7,26.82,12.61,4.43,9.33,26.36,44819020585.0,9.0,0.398,1.0,0.0,0.0
8.03,374825218591938.0,10.82,30.52,7.49,2.21,3.24,3.81,264079921394.0,6.0,0.392,1.0,0.0,0.0
9.29,580262942977716.0,3.96,35.84,8.15,1.8,2.3,12.97,130762805664.0,9.0,0.142,1.0,0.0,0.0
8.6,459862172837931.0,9.99,29.97,8.74,2.99,5.35,4.54,195466457334.0,2.0,0.535,1.0,0.0,0.0
11.96,4761901761187263.0,61.97,0.12,8.13,1.95,2.61,14.35,11763144030299.0,6.0,0.231,0.0,1.0,0.0
11.82,2342390165590302.0,8.8,0.46,9.46,2.88,5.09,8.8,1314199342476.0,8.0,0.102,0.0,0.0,1.0
3.97,45354039227804.0,5.55,21.75,7.65,1.88,2.85,10.06,14711346319.0,8.0,0.258,1.0,0.0,0.0
5.49,119284742655702.0,4.89,32.34,8.79,3.41,6.3,17.99,34642021451.0,7.0,0.098,1.0,0.0,0.0
2.3,8805145678745.0,4.66,29.24,6.97,2.77,4.83,4.39,2496785219.0,3.0,0.375,1.0,0.0,0.0
2.62,12996694961644.0,8.15,22.35,6.75,1.36,1.53,9.13,5559995743.0,1.0,0.586,1.0,0.0,0.0
0.96,647885095946.0,12.58,34.37,4.27,1.68,2.16,7.35,541429655.0,1.0,0.484,1.0,0.0,0.0
18.8,4804084535386729.0,5.24,30.4,6.79,2.27,3.32,14.15,1648806310515.0,5.0,0.317,1.0,0.0,0.0
4.27,56288220926087.0,13.47,25.78,5.81,1.7,2.15,10.52,39462584346.0,2.0,0.283,1.0,0.0,0.0
5.13,97790495933681.0,4.79,30.48,10.41,2.5,3.88,14.12,33375653432.0,4.0,0.1,1.0,0.0,0.0
0.35,31316075450.0,2.87,32.5,9.31,2.8,4.65,9.21,3855840.0,7.0,0.608,1.0,0.0,0.0
23.33,9178407785480050.0,3.34,26.36,7.8,1.91,2.8,4.34,1991662784719.0,5.0,0.186,1.0,0.0,0.0
7.09,257243097846115.0,12.01,36.89,4.37,0.74,0.59,26.68,201137114966.0,7.0,0.627,1.0,0.0,0.0
3.24,24508229326688.0,2.43,27.56,9.57,2.39,3.77,15.46,3334962128.0,3.0,0.371,1.0,0.0,0.0
18.31,4433206362633720.0,8.74,31.26,7.13,1.86,2.65,3.47,2238956892067.0,3.0,0.334,1.0,0.0,0.0
8.55,451655535805580.0,11.65,29.14,7.15,1.67,2.11,12.18,242712080652.0,2.0,0.31,1.0,0.0,0.0
1.17,2243685382354.0,19.74,1.4,8.97,1.55,2.08,10.78,3528771528.0,7.0,0.229,0.0,0.0,1.0
19.35,1.027492476938518e+16,14.8,1.41,6.08,1.55,1.8,2.04,7739965567691.0,4.0,0.27,0.0,0.0,1.0
100.0,7.225663103256524e+17,11.83,27.25,9.97,2.95,5.16,29.35,432511147674286.0,7.0,0.107,1.0,0.0,0.0
4.87,83700228124869.0,12.31,25.09,8.89,2.38,3.78,18.02,78142091869.0,4.0,0.088,1.0,0.0,0.0
21.77,7455208228625834.0,4.51,28.72,7.36,2.07,2.86,9.62,1281066835804.0,5.0,0.186,1.0,0.0,0.0
0.82,394134631882.0,5.58,23.42,9.54,3.45,6.4,11.17,251333122.0,2.0,0.241,1.0,0.0,0.0
16.94,1.3546748849743094e+16,52.17,0.29,4.77,1.77,2.46,2.82,64994536746063.0,4.0,0.186,0.0,1.0,0.0
8.6,460362614958167.0,6.8,25.74,8.87,2.96,5.26,6.71,131932342174.0,2.0,0.299,1.0,0.0,0.0
2.95,18499175809317.0,4.46,11.88,6.77,1.85,2.35,5.83,4982684005.0,6.0,0.196,1.0,0.0,0.0
4.07,48641361440087.0,12.53,21.55,5.94,1.23,1.34,4.42,42634127627.0,2.0,0.083,1.0,0.0,0.0
0.76,316944774950.0,3.92,21.11,8.65,2.0,2.98,25.81,117161220.0,3.0,0.481,1.0,0.0,0.0
2.31,8908901597435.0,5.08,35.8,7.39,2.69,4.35,10.68,2463845340.0,9.0,0.311,1.0,0.0,0.0
4.19,53212069250198.0,1.54,25.81,7.94,2.96,5.08,17.72,9431508118.0,9.0,0.274,1.0,0.0,0.0
6.32,182029602035948.0,12.44,22.14,9.54,2.87,4.85,5.25,90891197903.0,5.0,0.204,1.0,0.0,0.0
31.49,2.255915764041663e+16,3.74,25.32,6.47,1.66,2.26,9.27,5848022216591.0,1.0,0.12,1.0,0.0,0.0
2.76,15209488068125.0,4.84,17.95,8.71,3.12,5.67,12.36,4475849353.0,8.0,0.525,1.0,0.0,0.0
3.42,56520027290753.0,8.13,3.04,8.38,2.37,3.77,17.91,22245481366.0,8.0,0.517,0.0,0.0,1.0
0.69,926093010238.0,77.51,0.37,5.07,0.96,1.09,38.77,7129600505.0,3.0,0.155,0.0,1.0,0.0
1.62,3083277214058.0,6.09,26.97,5.33,1.84,2.43,18.09,540309971.0,6.0,0.353,1.0,0.0,0.0
3.64,134475920402987.0,75.99,0.24,6.23,1.03,0.96,11.7,729813806199.0,2.0,0.144,0.0,1.0,0.0
2.99,19327798951443.0,1.75,32.6,6.61,2.34,3.71,21.5,2413045023.0,5.0,0.161,1.0,0.0,0.0
2.51,11440700721270.0,2.27,24.69,8.54,2.48,3.95,19.94,2186963635.0,5.0,0.302,1.0,0.0,0.0
1.24,1393662849097.0,1.85,31.86,7.24,1.35,1.53,5.61,206586602.0,8.0,0.075,1.0,0.0,0.0
3.66,35420675818338.0,3.87,30.35,5.46,2.16,3.1,12.44,6390823161.0,6.0,0.036,1.0,0.0,0.0
12.59,1440518610459678.0,3.82,33.84,4.76,1.05,1.11,30.92,824972912702.0,5.0,0.353,1.0,0.0,0.0
0.92,555398535764.0,7.93,17.58,7.1,1.88,2.7,14.14,342246510.0,6.0,0.19,1.0,0.0,0.0
33.81,2.7922653870817124e+16,9.41,26.77,8.94,3.05,5.25,13.23,20557656143349.0,8.0,0.221,1.0,0.0,0.0
0.97,656231958566.0,4.12,15.8,4.96,1.75,2.26,22.71,129916865.0,5.0,0.236,1.0,0.0,0.0
7.75,336758314276140.0,4.3,34.14,5.1,0.63,0.58,5.09,149243290434.0,9.0,0.247,1.0,0.0,0.0
2.38,37332119978698.0,39.57,0.84,5.8,1.63,2.05,17.74,101500003680.0,6.0,0.6,0.0,1.0,0.0
4.63,71653566961675.0,2.62,21.54,6.74,2.61,4.09,31.8,9694909870.0,9.0,0.339,1.0,0.0,0.0
7.33,284405512522887.0,5.58,19.47,6.55,1.81,2.4,4.96,99443318646.0,2.0,0.092,1.0,0.0,0.0
2.16,7292852524257.0,5.19,35.8,8.31,3.05,5.24,34.45,2733363300.0,3.0,0.103,1.0,0.0,0.0
7.49,303979257064571.0,2.49,36.65,6.79,2.28,3.42,1.48,53196757038.0,9.0,0.138,1.0,0.0,0.0
2.18,28775381189053.0,70.47,0.01,7.73,2.67,4.43,11.97,122058248728.0,4.0,0.056,0.0,1.0,0.0
1.99,11188727117872.0,25.54,5.93,4.53,0.9,0.79,9.88,8830458792.0,3.0,0.699,0.0,0.0,1.0
4.39,61309296665153.0,1.19,20.06,3.35,0.98,0.95,3.48,6999900152.0,2.0,0.319,1.0,0.0,0.0
3.34,26822174671706.0,4.22,21.02,4.4,1.06,1.25,24.42,9795178091.0,6.0,0.274,1.0,0.0,0.0
14.02,1990540018319870.0,4.19,26.18,6.64,1.16,1.33,25.18,574976103237.0,7.0,0.172,1.0,0.0,0.0
3.2,23585434136779.0,4.07,28.55,7.92,2.79,4.61,12.27,3867867498.0,6.0,0.231,1.0,0.0,0.0
4.95,87468285582953.0,1.87,26.62,10.66,3.04,5.31,8.29,16748066504.0,8.0,0.2,1.0,0.0,0.0
9.35,590541536273162.0,8.49,24.04,6.12,1.75,2.45,18.9,276730186560.0,2.0,0.172,1.0,0.0,0.0
5.31,108335707076192.0,2.96,14.08,12.87,4.5,9.56,7.95,17704500965.0,1.0,0.07,1.0,0.0,0.0
1.31,1615426224430.0,9.14,29.9,7.0,1.96,2.65,50.79,678993103.0,1.0,0.389,1.0,0.0,0.0
3.98,45560957942027.0,2.17,28.48,6.58,1.76,2.45,18.3,8400450378.0,8.0,0.117,1.0,0.0,0.0
2.36,9445944664606.0,2.11,16.95,7.82,1.71,2.4,12.99,1427772092.0,2.0,0.443,1.0,0.0,0.0
12.43,1388323506003688.0,7.2,32.1,7.45,2.53,4.06,4.86,719005185045.0,6.0,0.383,1.0,0.0,0.0
10.88,929616045859802.0,2.87,31.63,5.46,1.11,1.09,16.57,160711822301.0,3.0,0.068,1.0,0.0,0.0
0.41,49668000942.0,2.39,34.66,9.24,3.2,5.84,23.18,5022809.0,4.0,0.202,1.0,0.0,0.0
5.72,265188773861736.0,10.62,1.15,5.28,1.46,1.64,14.24,91666436397.0,7.0,0.143,0.0,0.0,1.0
6.13,326472137601376.0,19.17,3.96,6.03,1.84,2.38,4.71,919333299029.0,8.0,0.477,0.0,0.0,1.0
0.41,48876012317.0,3.18,29.81,7.99,2.88,4.85,10.75,14728467.0,9.0,0.505,1.0,0.0,0.0
5.57,124802380107018.0,12.68,26.13,4.97,1.02,1.04,9.36,115420535994.0,6.0,0.245,1.0,0.0,0.0
7.36,288510265205251.0,6.21,32.53,6.91,2.52,3.9,30.81,165184415210.0,6.0,0.239,1.0,0.0,0.0
4.18,52858907780614.0,2.57,20.44,4.79,1.08,1.2,7.87,6588431631.0,4.0,0.208,1.0,0.0,0.0
60.22,1.577966341682798e+17,8.35,24.74,2.96,1.02,1.07,6.8,73905174823338.0,1.0,0.137,1.0,0.0,0.0
2.84,16613141656850.0,2.02,31.38,5.39,1.07,1.11,9.46,3379612915.0,3.0,0.345,1.0,0.0,0.0
9.6,640130717662257.0,8.68,34.97,9.39,2.86,4.73,70.94,200141450055.0,9.0,0.393,1.0,0.0,0.0
16.89,3480555806194378.0,3.87,25.95,7.58,2.8,4.57,11.24,958021110468.0,1.0,0.299,1.0,0.0,0.0
4.23,107571761038358.0,23.89,5.84,6.67,1.89,2.57,10.18,136421317176.0,1.0,0.271,0.0,0.0,1.0
27.14,1.444045847189432e+16,4.8,24.12,7.34,1.68,2.16,9.0,4462395363481.0,7.0,0.351,1.0,0.0,0.0
8.18,395042331523887.0,2.34,31.23,6.34,1.59,1.88,5.41,52410071066.0,4.0,0.256,1.0,0.0,0.0
8.87,504411801467174.0,1.22,33.15,5.58,1.87,2.57,22.35,40054815361.0,6.0,0.364,1.0,0.0,0.0
1.63,3124787161823.0,10.81,24.64,9.03,2.31,3.69,2.76,2105349446.0,6.0,0.033,1.0,0.0,0.0
0.24,20732629315.0,21.08,5.85,8.17,2.54,3.95,4.58,22901216.0,1.0,0.261,0.0,0.0,1.0
4.59,70099191708295.0,12.17,23.44,8.3,2.8,4.76,6.31,58150290625.0,6.0,0.116,1.0,0.0,0.0
9.38,1170565206893647.0,12.96,4.7,6.72,2.07,2.88,5.91,857883324278.0,4.0,0.096,0.0,0.0,1.0
3.05,20433336952768.0,10.24,26.74,7.81,1.81,2.28,18.43,8881951535.0,4.0,0.323,1.0,0.0,0.0
2.28,8531477516444.0,0.2,23.66,8.72,2.57,3.99,40.64,351528194.0,2.0,0.609,1.0,0.0,0.0
13.82,1906216406353762.0,4.72,30.51,4.98,0.77,0.76,22.26,323439599104.0,8.0,0.237,1.0,0.0,0.0
28.05,1.5955202823853482e+16,8.47,30.19,5.7,2.0,2.93,39.85,5240363955985.0,9.0,0.051,1.0,0.0,0.0
5.97,153652704219148.0,2.59,34.19,4.86,1.06,1.29,22.43,31030815758.0,7.0,0.182,1.0,0.0,0.0
7.46,299481103728049.0,8.13,17.5,4.36,1.22,1.56,58.67,107766456909.0,1.0,0.653,1.0,0.0,0.0
7.71,331488256046008.0,2.7,23.91,10.68,3.76,7.15,13.36,48919802857.0,4.0,0.386,1.0,0.0,0.0
4.12,50524448838395.0,3.75,26.07,4.88,1.37,1.5,29.44,10943245473.0,8.0,0.422,1.0,0.0,0.0
5.98,154742951357549.0,0.96,16.47,9.16,2.52,3.99,17.87,11326507380.0,9.0,0.475,1.0,0.0,0.0
9.78,675719572530954.0,2.58,24.56,5.19,0.82,0.73,45.79,82974326847.0,1.0,0.34,1.0,0.0,0.0
3.58,33192236121392.0,4.51,37.86,9.81,3.18,5.69,8.46,10875145723.0,8.0,0.348,1.0,0.0,0.0
30.37,2.023708605455884e+16,5.17,18.51,6.87,1.89,2.56,43.0,4468640657044.0,6.0,0.243,1.0,0.0,0.0
20.03,5807615644570925.0,7.15,20.26,7.51,1.81,2.4,33.96,2290302286817.0,8.0,0.444,1.0,0.0,0.0
5.93,150909934445720.0,13.18,31.9,5.89,2.03,2.8,5.84,102447939705.0,9.0,0.261,1.0,0.0,0.0
15.86,2882473872117140.0,5.95,18.4,4.63,1.3,1.47,20.29,678271830986.0,6.0,0.429,1.0,0.0,0.0
2.56,12149919072500.0,3.17,29.26,7.74,1.98,2.93,29.06,2117664988.0,3.0,0.405,1.0,0.0,0.0
1.27,1464914980305.0,10.1,34.2,5.87,1.96,2.67,5.52,820834903.0,8.0,0.328,1.0,0.0,0.0
8.64,465585038137002.0,3.66,22.69,4.67,1.12,1.19,6.75,134095200457.0,1.0,0.173,1.0,0.0,0.0
0.91,539353155823.0,3.96,13.33,7.31,2.55,4.04,14.06,101803617.0,1.0,0.16,1.0,0.0,0.0
5.63,253589774078963.0,15.24,3.1,5.47,1.68,2.29,6.37,433931519941.0,2.0,0.372,0.0,0.0,1.0
1.42,2056638108684.0,8.59,29.6,5.72,0.72,0.63,8.25,729908096.0,4.0,0.168,1.0,0.0,0.0
3.11,21676852369313.0,11.42,32.82,6.9,2.62,4.18,10.21,8326024359.0,9.0,0.126,1.0,0.0,0.0
16.55,6434401331008311.0,22.4,3.47,6.54,2.31,3.52,10.8,4427483123494.0,7.0,0.197,0.0,0.0,1.0
1.92,19814243331161.0,50.47,0.77,10.75,4.17,8.53,4.67,64527185812.0,3.0,0.468,0.0,1.0,0.0
2.68,13927138354879.0,16.26,26.63,7.25,2.18,3.4,12.34,15716214368.0,4.0,0.398,1.0,0.0,0.0
9.21,1107280711882548.0,11.22,3.91,4.51,1.39,1.58,41.82,748230077370.0,3.0,0.577,0.0,0.0,1.0
13.12,6292660996082710.0,52.68,0.46,4.74,1.91,2.59,28.35,33245548638703.0,2.0,0.34,0.0,1.0,0.0
5.5,120127336340062.0,5.58,26.16,7.8,2.55,3.95,30.57,65113848206.0,2.0,0.196,1.0,0.0,0.0
1.45,2211003529129.0,5.65,11.86,5.18,1.4,1.55,7.88,855410738.0,9.0,0.318,1.0,0.0,0.0
8.67,925289450480142.0,12.08,4.29,5.5,1.56,1.86,49.21,1309410827169.0,6.0,0.276,0.0,0.0,1.0
0.8,715864678905.0,14.79,5.03,4.75,1.65,2.03,6.16,807539838.0,1.0,0.39,0.0,0.0,1.0
5.19,101020647506613.0,1.71,19.98,5.26,1.33,1.57,17.86,15805922080.0,5.0,0.054,1.0,0.0,0.0
2.9,17641719563279.0,7.31,24.99,9.28,2.68,4.32,3.68,6688439606.0,5.0,0.333,1.0,0.0,0.0
42.84,5.679589697682567e+16,3.6,29.95,7.68,1.93,2.53,8.21,12301214081718.0,3.0,0.453,1.0,0.0,0.0
8.39,1646902412747378.0,64.59,0.47,8.46,2.77,4.56,10.86,3843327507091.0,5.0,0.368,0.0,1.0,0.0
9.67,653333825159742.0,2.0,25.63,9.2,2.98,5.27,10.82,85465289900.0,7.0,0.261,1.0,0.0,0.0
10.92,940674578910018.0,0.34,27.23,3.15,0.9,0.88,5.26,64897892339.0,6.0,0.271,1.0,0.0,0.0
5.26,104977363659347.0,1.63,31.73,6.59,1.33,1.65,14.83,12298038805.0,3.0,0.625,1.0,0.0,0.0
2.63,13082099413225.0,9.12,21.55,10.36,3.3,5.99,7.48,7921463229.0,1.0,0.036,1.0,0.0,0.0
0.92,561565351285.0,4.51,7.72,8.69,3.85,7.67,4.9,114444139.0,3.0,0.394,1.0,0.0,0.0
4.02,46952389526650.0,5.62,25.1,5.29,1.42,1.72,2.59,9495250345.0,6.0,0.01,1.0,0.0,0.0
0.54,442948303123.0,45.2,0.61,9.43,3.0,5.11,14.32,1322496787.0,1.0,0.552,0.0,1.0,0.0
5.26,105193464411384.0,6.79,32.22,6.55,1.94,2.85,4.51,46243585825.0,6.0,0.255,1.0,0.0,0.0
7.07,255638970956445.0,5.51,36.21,5.46,1.28,1.43,26.88,63020930944.0,3.0,0.035,1.0,0.0,0.0
28.7,1.708699010885813e+16,9.38,14.75,7.29,2.23,3.34,21.84,8122178831256.0,2.0,0.504,1.0,0.0,0.0
5.22,102516155639915.0,13.91,19.72,5.32,1.62,2.12,6.31,91994779345.0,7.0,0.48,1.0,0.0,0.0
2.66,13562423378036.0,2.48,31.46,5.06,1.43,1.71,27.17,2329035049.0,4.0,0.434,1.0,0.0,0.0
2.62,13038322471619.0,8.28,30.8,8.76,2.5,3.96,23.61,5337406594.0,2.0,0.208,1.0,0.0,0.0
14.01,1985148106887076.0,7.98,27.49,4.79,1.32,1.54,10.02,842615481430.0,1.0,0.185,1.0,0.0,0.0
14.1,3979923203012412.0,23.93,4.34,6.05,1.83,2.45,21.98,5758371847431.0,8.0,0.059,0.0,0.0,1.0
2.05,6206564922365.0,0.97,33.06,5.22,1.2,1.38,13.1,644287541.0,7.0,0.09,1.0,0.0,0.0
2.12,13553070900671.0,21.58,1.48,5.87,1.75,2.36,17.83,31790684423.0,8.0,0.21,0.0,0.0,1.0
2.07,6412662295700.0,8.64,29.07,4.93,1.65,2.03,17.26,4688681842.0,7.0,0.189,1.0,0.0,0.0
0.69,470586361752.0,21.77,1.47,4.38,0.65,0.66,25.41,356074424.0,9.0,0.521,0.0,0.0,1.0
5.75,137721292636528.0,9.04,24.65,5.61,1.39,1.55,36.43,77868460546.0,9.0,0.425,1.0,0.0,0.0
4.03,47334458592234.0,11.71,31.55,8.43,3.51,6.62,3.02,24239842178.0,3.0,0.075,1.0,0.0,0.0
7.57,1206174344138951.0,55.23,0.03,3.45,0.99,1.16,44.5,7889741807761.0,8.0,0.047,0.0,1.0,0.0
3.44,29358522825677.0,10.19,21.76,11.38,3.63,7.04,56.22,22142766572.0,3.0,0.26,1.0,0.0,0.0
89.26,5.13935052036847e+17,1.7,21.95,6.55,1.62,2.0,4.73,78998484961330.0,9.0,0.306,1.0,0.0,0.0
9.88,1367416446714970.0,18.49,5.28,6.21,1.85,2.31,32.01,1958823659135.0,8.0,0.284,0.0,0.0,1.0
0.66,203513485794.0,11.84,15.49,5.44,1.07,1.07,12.13,223776357.0,9.0,0.237,1.0,0.0,0.0
1.05,835397885172.0,5.3,9.28,6.75,1.89,2.61,3.96,291389380.0,9.0,0.267,1.0,0.0,0.0
2.36,9470741027839.0,6.9,28.93,6.49,1.14,1.25,6.57,1922980497.0,7.0,0.48,1.0,0.0,0.0
3.43,29095292148527.0,5.77,22.1,5.71,1.65,2.16,22.39,11847921763.0,7.0,0.207,1.0,0.0,0.0
5.75,529598617289978.0,51.71,0.52,5.45,1.52,2.0,10.96,2720510101056.0,1.0,0.257,0.0,1.0,0.0
1.42,2088847816793.0,2.41,29.13,7.47,1.58,1.92,5.75,386451048.0,6.0,0.44,1.0,0.0,0.0
50.2,9.14226013931629e+16,10.0,34.42,7.76,1.75,2.35,9.66,30191950279724.0,8.0,0.169,1.0,0.0,0.0
5.83,143164611183821.0,4.35,25.81,5.9,1.41,1.59,10.94,38495151811.0,8.0,0.227,1.0,0.0,0.0
9.13,549028818537804.0,5.32,21.59,5.21,1.02,1.03,48.04,205632662793.0,1.0,0.255,1.0,0.0,0.0
7.08,256524480696494.0,6.1,28.52,5.38,1.04,1.05,86.02,115896787097.0,5.0,0.479,1.0,0.0,0.0
7.6,1222307494413245.0,72.56,0.22,6.72,1.54,2.14,17.31,7073560533200.0,2.0,0.272,0.0,1.0,0.0
0.46,72273863518.0,3.5,36.83,5.45,1.14,1.43,9.78,17953359.0,1.0,0.284,1.0,0.0,0.0
16.35,3159929247008542.0,9.25,31.64,6.6,1.73,2.3,4.71,2091668515562.0,4.0,0.067,1.0,0.0,0.0
5.94,582667534583691.0,51.11,1.43,7.06,2.59,4.13,29.92,1650436461478.0,4.0,0.367,0.0,1.0,0.0
0.72,270246995116.0,10.53,31.64,5.74,2.46,3.91,10.01,119151182.0,4.0,0.158,1.0,0.0,0.0
7.19,268164689090789.0,9.01,14.71,5.73,2.27,3.34,27.95,100277208923.0,3.0,0.354,1.0,0.0,0.0
1.96,5441081088721.0,4.46,27.14,6.69,1.76,2.51,11.45,2304753334.0,6.0,0.014,1.0,0.0,0.0
9.76,1319851681590264.0,7.16,1.68,7.76,3.64,6.87,2.89,762487208015.0,8.0,0.182,0.0,0.0,1.0
6.5,764940671169444.0,45.52,0.72,7.44,2.16,3.11,35.6,1895663451194.0,5.0,0.498,0.0,1.0,0.0
5.2,101351150057062.0,0.42,31.33,2.67,0.97,0.9,7.29,8937743801.0,9.0,0.282,1.0,0.0,0.0
5.56,124157178413880.0,4.17,19.52,8.3,2.35,3.44,10.94,41195614181.0,8.0,0.061,1.0,0.0,0.0
8.74,946098877590136.0,19.71,1.83,5.02,1.26,1.65,20.2,972002108433.0,1.0,0.339,0.0,0.0,1.0
6.37,187141023984704.0,6.32,16.04,4.94,0.82,0.64,7.56,113050127660.0,2.0,0.445,1.0,0.0,0.0
23.48,9352348719850262.0,4.96,30.89,5.96,1.33,1.52,13.42,2108025172045.0,5.0,0.062,1.0,0.0,0.0
20.85,2.5237912878787604e+16,75.61,0.33,4.84,1.33,1.5,2.59,89757163527579.0,5.0,0.29,0.0,1.0,0.0
100.0,7.225663103256524e+17,6.24,16.93,5.78,1.11,1.16,8.36,260610034727837.0,6.0,0.228,1.0,0.0,0.0
21.07,2.604428493114928e+16,60.99,0.36,8.44,2.8,4.72,11.1,65263679976168.0,5.0,0.218,0.0,1.0,0.0
4.38,60603814682755.0,7.29,13.91,9.89,2.9,4.94,1.1,24424173680.0,1.0,0.177,1.0,0.0,0.0
0.14,4126915859.0,13.32,2.49,5.88,1.43,1.85,25.83,3937448.0,2.0,0.395,0.0,0.0,1.0
40.09,4.656893116477629e+16,3.87,32.64,4.72,0.86,0.86,13.06,10773906814422.0,1.0,0.342,1.0,0.0,0.0
35.6,3.260183259126206e+16,0.73,26.63,6.88,2.2,3.14,5.56,1917281516915.0,3.0,0.05,1.0,0.0,0.0
13.72,7199527765427069.0,56.12,0.86,6.59,2.37,3.66,16.44,17994678849716.0,3.0,0.273,0.0,1.0,0.0
1.35,1781696284840.0,4.81,35.21,4.76,1.35,1.71,22.01,499364035.0,8.0,0.398,1.0,0.0,0.0
7.09,257682704888912.0,10.73,33.84,6.55,1.58,2.06,6.29,139115220739.0,1.0,0.145,1.0,0.0,0.0
9.06,537619790437672.0,3.86,25.84,7.66,2.01,2.95,11.98,132992056164.0,4.0,0.153,1.0,0.0,0.0
7.5,304537221258136.0,5.11,30.72,7.4,1.99,2.87,11.72,74499395467.0,5.0,0.078,1.0,0.0,0.0
1.49,4677538659715.0,14.18,6.59,8.0,2.02,2.88,23.56,4989954785.0,7.0,0.133,0.0,0.0,1.0
14.25,2091773859583798.0,6.17,15.72,8.44,2.53,4.09,6.08,616244815388.0,2.0,0.258,1.0,0.0,0.0
8.3,812395516034608.0,10.87,2.88,9.05,3.49,6.47,11.0,760469710922.0,1.0,0.087,0.0,0.0,1.0
10.11,2877838787125604.0,68.97,1.87,9.22,2.3,3.49,3.45,16919685930281.0,6.0,0.16,0.0,1.0,0.0
23.6,9494197128978698.0,0.81,28.32,5.5,1.93,2.67,6.4,616354428461.0,5.0,0.497,1.0,0.0,0.0
2.08,6519460480390.0,3.29,36.49,8.54,3.15,5.59,25.09,1344994073.0,3.0,0.212,1.0,0.0,0.0
8.58,456833840534177.0,15.67,38.23,6.19,1.57,1.77,12.64,375327440285.0,6.0,0.037,1.0,0.0,0.0
4.02,47087398448301.0,5.38,17.64,8.65,2.43,3.64,20.47,20428716309.0,9.0,0.481,1.0,0.0,0.0
12.94,1565921410996292.0,8.52,30.06,4.24,1.17,1.27,8.45,488503833581.0,3.0,0.264,1.0,0.0,0.0
7.57,313145898321349.0,5.96,24.32,5.4,1.48,1.7,10.07,102595375983.0,4.0,0.513,1.0,0.0,0.0
4.45,245326122692867.0,68.47,0.34,8.11,2.46,3.81,26.8,708152642691.0,7.0,0.231,0.0,1.0,0.0
5.64,500606588110225.0,67.28,0.09,7.84,2.4,3.7,19.21,1657057111904.0,6.0,0.145,0.0,1.0,0.0
2.5,11229821194169.0,4.89,32.21,5.4,1.34,1.63,17.59,3913901446.0,1.0,0.171,1.0,0.0,0.0
18.07,4263372553090182.5,5.08,32.34,7.1,2.06,3.06,15.43,1043112320006.0,8.0,0.133,1.0,0.0,0.0
1.17,1155382151039.0,5.54,22.63,6.22,2.35,3.76,3.36,392443258.0,3.0,0.329,1.0,0.0,0.0
0.87,931606966707.0,10.89,3.86,5.76,1.31,1.23,60.72,705108470.0,7.0,0.542,0.0,0.0,1.0
6.49,197720172551895.0,4.53,26.11,6.83,1.4,1.83,13.61,78576843247.0,4.0,0.171,1.0,0.0,0.0
8.53,448991440860330.0,6.41,32.22,5.75,1.92,2.52,25.61,213778938602.0,1.0,0.152,1.0,0.0,0.0
7.41,294527010058570.0,6.5,27.78,5.67,1.52,1.91,8.29,102539909789.0,5.0,0.508,1.0,0.0,0.0
14.25,2090207738126456.0,2.18,35.94,9.82,3.72,7.42,8.26,292225692556.0,8.0,0.325,1.0,0.0,0.0
60.09,1.568069828972164e+17,9.61,25.39,8.02,2.24,3.42,22.23,46205302813998.0,4.0,0.096,1.0,0.0,0.0
14.9,2389453240365361.0,8.11,38.22,8.89,2.13,3.06,26.91,1325722122944.0,3.0,0.392,1.0,0.0,0.0
1.1,963336038879.0,4.72,22.85,6.07,1.91,2.66,20.36,333740286.0,3.0,0.103,1.0,0.0,0.0
2.77,15430771229233.0,10.27,34.14,5.32,1.56,1.83,17.98,11615297103.0,5.0,0.166,1.0,0.0,0.0
2.01,5849709820118.0,2.45,26.55,6.38,1.39,1.65,12.44,2410469324.0,1.0,0.391,1.0,0.0,0.0
2.36,9467571627234.0,3.77,24.91,6.86,1.99,2.65,6.32,1271952580.0,5.0,0.379,1.0,0.0,0.0
28.52,1.6758313542793484e+16,3.94,30.46,8.27,1.78,2.26,10.64,4677869069944.0,3.0,0.127,1.0,0.0,0.0
2.95,18539548960370.0,1.89,28.73,8.6,3.69,7.11,19.79,1150371347.0,6.0,0.133,1.0,0.0,0.0
6.26,348730018028560.0,24.4,5.77,5.0,1.2,1.19,6.8,351602110266.0,2.0,0.344,0.0,0.0,1.0
12.39,1374399178524094.0,2.45,28.56,5.57,1.8,2.44,5.17,334857699470.0,9.0,0.371,1.0,0.0,0.0
3.51,61356035892658.0,11.8,3.79,5.92,1.74,2.33,33.21,38211806719.0,1.0,0.148,0.0,0.0,1.0
10.66,876228414391832.0,10.69,26.87,5.84,1.52,1.69,11.23,634344894828.0,8.0,0.329,1.0,0.0,0.0
50.01,9.038108207054754e+16,1.2,27.28,3.77,0.7,0.53,17.38,5281592405485.0,9.0,0.379,1.0,0.0,0.0
38.75,4.205465717123269e+16,2.52,32.09,7.25,1.76,2.38,15.44,6739675281547.0,7.0,0.589,1.0,0.0,0.0
18.23,8598845053491045.0,9.84,2.2,7.54,1.92,2.72,5.1,8798458535821.0,9.0,0.148,0.0,0.0,1.0
2.15,7163614199245.0,2.02,27.63,5.07,1.77,2.24,14.31,1293259563.0,1.0,0.44,1.0,0.0,0.0
2.52,11606425623425.0,4.57,24.62,7.74,2.06,3.04,23.32,2824242760.0,5.0,0.167,1.0,0.0,0.0
32.9,2.5734482116025144e+16,6.69,21.41,5.13,1.85,2.48,15.09,15381842521414.0,8.0,0.177,1.0,0.0,0.0
4.46,64205236646016.0,3.02,18.53,8.38,2.48,4.05,7.24,18104113837.0,3.0,0.263,1.0,0.0,0.0
2.31,8942233024366.0,5.77,39.0,9.21,2.07,2.96,5.3,2518045269.0,2.0,0.21,1.0,0.0,0.0
6.65,212427040987799.0,4.2,31.38,6.98,2.13,3.12,31.37,46873559589.0,3.0,0.225,1.0,0.0,0.0
7.57,313572730028311.0,5.35,19.06,5.91,2.15,2.96,4.99,114517145577.0,5.0,0.132,1.0,0.0,0.0
23.3,9138254553993480.0,2.73,23.28,5.8,0.91,0.85,13.39,2322466052585.0,4.0,0.17,1.0,0.0,0.0
4.28,56623462186942.0,4.68,33.1,7.47,1.83,2.59,8.29,12516884829.0,5.0,0.414,1.0,0.0,0.0
2.87,16993901905456.0,8.44,17.76,5.49,0.9,0.98,15.97,7968501503.0,3.0,0.215,1.0,0.0,0.0
9.8,680900562144360.0,5.86,25.59,8.62,2.53,4.06,5.26,390127900772.0,4.0,0.25,1.0,0.0,0.0
1.03,793635457616.0,3.32,21.23,11.35,4.06,8.17,10.8,217529374.0,8.0,0.145,1.0,0.0,0.0
8.28,409682829639254.0,11.33,30.96,5.15,1.13,1.08,9.22,490400985575.0,8.0,0.461,1.0,0.0,0.0
5.64,129413222585754.0,3.28,23.83,6.52,1.42,1.92,27.19,27956423213.0,1.0,0.061,1.0,0.0,0.0
9.36,2282686737446093.0,73.9,0.0,11.01,3.04,5.39,12.73,9310012561903.0,9.0,0.115,0.0,1.0,0.0
6.6,208191366265513.0,2.76,31.97,7.11,2.08,3.07,10.65,32964582400.0,1.0,0.506,1.0,0.0,0.0
1.52,2561438926744.0,4.87,30.21,5.73,1.45,1.65,11.33,934720372.0,7.0,0.2,1.0,0.0,0.0
16.5,3244087974532291.0,1.06,31.59,10.55,4.5,9.42,10.67,357718019642.0,3.0,0.219,1.0,0.0,0.0
15.79,5587620622803349.0,20.6,1.85,9.79,3.12,5.53,23.14,6997203685378.0,4.0,0.435,0.0,0.0,1.0
4.64,72397807658637.0,6.17,30.33,5.92,2.45,3.93,12.18,21861042145.0,2.0,0.353,1.0,0.0,0.0
7.24,537604033995127.0,15.14,2.49,5.53,1.93,2.51,9.31,660448958360.0,7.0,0.137,0.0,0.0,1.0
5.67,508792827695718.0,67.49,0.13,6.06,1.53,2.06,9.34,3119840649041.0,7.0,0.235,0.0,1.0,0.0
8.88,1950041491084834.0,66.13,0.19,5.12,1.65,2.12,8.66,7513270324089.0,5.0,0.248,0.0,1.0,0.0
1.33,1716046980895.0,4.89,26.62,5.26,0.91,0.95,40.23,317874803.0,1.0,0.507,1.0,0.0,0.0
2.23,31017740056001.0,69.93,0.06,8.13,2.04,2.72,19.63,130887717772.0,4.0,0.269,0.0,1.0,0.0
4.86,83040941203242.0,3.09,34.74,4.89,1.21,1.31,27.46,15279613461.0,1.0,0.044,1.0,0.0,0.0
2.05,6233569379089.0,3.76,34.91,14.0,4.5,9.57,24.13,1324377841.0,5.0,0.131,1.0,0.0,0.0
5.31,108012223866750.0,5.23,27.75,10.47,3.25,5.92,9.17,28248520561.0,6.0,0.393,1.0,0.0,0.0
9.42,604262831883853.0,2.93,22.81,7.2,2.02,2.76,8.26,233459749011.0,9.0,0.2,1.0,0.0,0.0
14.13,3999991007495830.5,6.77,3.03,6.18,1.57,1.98,22.02,2264329338672.0,4.0,0.317,0.0,0.0,1.0
3.62,34399564238439.0,8.18,31.23,7.13,2.65,4.16,6.33,10778431519.0,1.0,0.257,1.0,0.0,0.0
7.24,274219955623381.0,6.94,19.46,9.27,2.44,3.94,8.59,132400686434.0,4.0,0.345,1.0,0.0,0.0
27.82,3.053585477139545e+16,15.33,1.64,6.5,1.28,1.42,19.99,26465433066063.0,7.0,0.297,0.0,0.0,1.0
1.86,4681908247421.0,7.29,22.32,4.75,1.06,1.08,21.58,1907180496.0,9.0,0.146,1.0,0.0,0.0
6.79,226424697668987.0,2.05,29.56,6.03,1.46,1.85,3.24,34493831407.0,7.0,0.387,1.0,0.0,0.0
8.77,487992251836169.0,2.19,28.41,7.5,1.02,1.2,20.33,50809700781.0,6.0,0.158,1.0,0.0,0.0
6.42,191044656666227.0,6.03,30.73,6.13,1.68,2.12,6.43,71724075145.0,4.0,0.226,1.0,0.0,0.0
9.93,707279898077844.0,7.46,9.86,4.78,0.92,1.0,12.2,206193364656.0,3.0,0.424,1.0,0.0,0.0
18.93,9618168299884096.0,23.6,3.8,6.52,1.8,2.63,8.2,14067386891932.0,2.0,0.671,0.0,0.0,1.0
13.59,1814808396167336.0,5.21,23.49,5.35,1.31,1.63,18.08,567186339495.0,7.0,0.238,1.0,0.0,0.0
5.86,145641015859438.0,16.18,23.02,6.18,1.28,1.38,7.99,67581833020.0,2.0,0.304,1.0,0.0,0.0
1.68,3435235561697.0,8.47,14.12,6.4,1.14,1.21,23.32,1183444228.0,9.0,0.13,1.0,0.0,0.0
1.83,4415371038073.0,10.37,18.16,5.4,1.27,1.59,6.1,2240806469.0,3.0,0.325,1.0,0.0,0.0
6.26,177599569854317.0,1.8,30.52,9.77,3.04,5.25,18.11,22591777384.0,1.0,0.175,1.0,0.0,0.0
6.61,209086351140546.0,15.51,21.84,5.48,0.85,0.92,8.63,169540980106.0,3.0,0.257,1.0,0.0,0.0
1.35,3510405193066.0,11.92,0.62,5.73,1.7,2.32,5.14,2642875326.0,4.0,0.602,0.0,0.0,1.0
2.81,31578689328891.0,9.49,3.5,5.92,1.97,2.71,17.41,32442568390.0,1.0,0.142,0.0,0.0,1.0
85.32,8.811644542385052e+17,7.74,3.1,6.01,1.04,1.08,6.96,421369043450122.0,2.0,0.279,0.0,0.0,1.0
28.56,1.6826841816744536e+16,2.82,13.3,4.62,1.0,1.07,8.96,4592025042989.0,9.0,0.25,1.0,0.0,0.0
8.82,495281727920017.0,9.0,20.39,8.2,3.15,5.59,2.89,167834537314.0,1.0,0.571,1.0,0.0,0.0
5.55,123319373059019.0,1.64,20.71,6.46,1.46,1.84,25.16,18122899182.0,8.0,0.338,1.0,0.0,0.0
2.8,30997275921823.0,5.26,0.71,7.0,1.91,2.6,7.14,11161346388.0,9.0,0.279,0.0,0.0,1.0
35.63,3.2669896225801504e+16,0.68,34.96,6.31,1.51,1.93,7.47,2920086304264.0,8.0,0.376,1.0,0.0,0.0
1.95,5378117405161.0,3.7,18.7,5.42,1.46,1.6,28.61,1198191221.0,4.0,0.082,1.0,0.0,0.0
3.47,30164314313573.0,4.02,20.61,4.12,1.77,2.32,9.13,5126697214.0,4.0,0.612,1.0,0.0,0.0
9.76,671063305566722.0,9.4,35.69,5.97,1.55,2.0,9.78,332935906812.0,6.0,0.448,1.0,0.0,0.0
5.7,133901308627795.0,12.79,31.43,6.64,2.19,3.35,1.16,75023769640.0,8.0,0.615,1.0,0.0,0.0
3.29,25751641716717.0,9.31,21.17,7.68,1.65,2.11,17.61,16457659019.0,1.0,0.096,1.0,0.0,0.0
1.71,3609645952160.0,3.04,27.47,6.92,2.1,3.03,1.57,568477405.0,8.0,0.116,1.0,0.0,0.0
0.89,511466631080.0,4.44,18.93,7.0,1.65,2.22,8.92,88212409.0,4.0,0.479,1.0,0.0,0.0
6.05,159626255103821.0,5.88,27.28,7.25,2.55,4.18,9.57,44183243181.0,6.0,0.057,1.0,0.0,0.0
1.89,4897808008096.0,1.63,30.03,7.95,2.17,3.25,28.12,604445685.0,4.0,0.291,1.0,0.0,0.0
19.4,5275217658045513.0,7.42,21.32,6.2,1.9,2.7,24.29,3234290860232.0,5.0,0.207,1.0,0.0,0.0
0.62,341804467618.0,24.99,4.0,9.1,2.93,5.05,7.32,255167790.0,6.0,0.221,0.0,0.0,1.0
5.49,119671786415371.0,20.21,23.26,5.4,1.14,1.15,25.78,122099083172.0,5.0,0.571,1.0,0.0,0.0
4.66,72986088349098.0,2.67,29.65,9.45,3.5,6.58,13.85,10384865076.0,9.0,0.198,1.0,0.0,0.0
2.6,24985560398312.0,13.94,0.91,5.43,1.7,2.19,4.41,17545512688.0,5.0,0.465,0.0,0.0,1.0
99.05,1.3790048407026317e+18,13.45,1.1,7.29,2.24,3.3,12.24,1275562674931915.0,1.0,0.256,0.0,0.0,1.0
13.41,1744038308708327.0,13.35,22.62,5.39,1.81,2.37,10.28,1367940386347.0,8.0,0.403,1.0,0.0,0.0
18.84,4830529276904183.0,2.27,28.83,4.95,1.52,1.83,73.66,779310755054.0,2.0,0.582,1.0,0.0,0.0
0.34,28005559951.0,7.68,29.43,5.37,0.94,0.61,33.29,10430257.0,2.0,0.177,1.0,0.0,0.0
2.57,23981837697124.0,13.29,3.38,6.65,2.0,2.91,11.18,18468314795.0,6.0,0.116,0.0,0.0,1.0
6.29,179889313644280.0,3.72,35.37,6.88,2.57,4.34,30.88,29933631466.0,7.0,0.064,1.0,0.0,0.0
12.29,1341154395435097.0,4.2,27.56,2.94,0.94,0.79,6.22,467177715510.0,6.0,0.409,1.0,0.0,0.0
3.63,34531259664674.0,12.42,26.53,5.97,0.98,1.02,4.61,13137919762.0,7.0,0.414,1.0,0.0,0.0
4.75,77552115541707.0,1.76,19.9,9.09,3.99,7.92,25.21,12660809415.0,6.0,0.166,1.0,0.0,0.0
3.71,36757689905309.0,2.91,34.68,10.37,3.28,6.0,62.5,6490794958.0,8.0,0.082,1.0,0.0,0.0
0.39,41786096661.0,14.3,21.89,5.8,1.93,2.68,15.59,29261273.0,6.0,0.117,1.0,0.0,0.0
2.37,9620789532326.0,6.44,27.23,5.58,1.26,1.29,17.14,3770647771.0,5.0,0.265,1.0,0.0,0.0
7.75,335710739650611.0,10.84,26.19,6.37,1.42,1.64,20.8,251473560259.0,6.0,0.257,1.0,0.0,0.0
6.73,219993005409235.0,12.81,27.69,6.23,0.8,0.77,49.81,145131259464.0,7.0,0.431,1.0,0.0,0.0
38.61,4.158364518907858e+16,5.26,25.05,7.08,1.6,2.01,16.16,15013157443578.0,1.0,0.421,1.0,0.0,0.0
9.6,1255031986303261.0,6.17,7.28,6.68,2.37,3.68,13.84,460957641058.0,7.0,0.58,0.0,0.0,1.0
4.22,54433760622165.0,6.05,21.89,6.85,1.79,2.23,17.08,23114987219.0,5.0,0.338,1.0,0.0,0.0
1.39,1947893279320.0,6.12,15.43,5.75,1.42,1.66,28.88,1023617274.0,2.0,0.324,1.0,0.0,0.0
18.32,1.7136219586129936e+16,63.8,0.61,8.34,2.46,3.85,17.71,77984333029302.0,2.0,0.211,0.0,1.0,0.0
10.5,836377827276808.0,6.15,31.12,7.93,2.42,3.73,12.34,274148580853.0,1.0,0.472,1.0,0.0,0.0
13.26,6493838919772113.0,57.8,0.35,6.03,1.27,1.23,10.98,27264335055802.0,7.0,0.105,0.0,1.0,0.0
0.48,78514033013.0,8.97,25.79,5.33,1.16,1.13,30.91,48021443.0,1.0,0.049,1.0,0.0,0.0
2.02,11745565303022.0,17.23,0.56,10.46,3.67,7.06,32.78,11878257743.0,6.0,0.279,0.0,0.0,1.0
96.53,6.498984144498249e+17,7.69,32.59,6.22,1.28,1.44,5.94,215422622916566.0,3.0,0.392,1.0,0.0,0.0
16.92,3500091273301288.0,9.64,29.67,7.9,3.1,5.44,17.09,1495360795773.0,9.0,0.489,1.0,0.0,0.0
3.42,28959504830494.0,6.07,27.2,6.03,2.17,3.49,12.45,4583268880.0,4.0,0.085,1.0,0.0,0.0
14.6,2249840379654502.0,3.27,27.94,4.56,2.0,2.73,6.76,674510678021.0,5.0,0.472,1.0,0.0,0.0
3.65,35247312129328.0,8.8,18.19,7.28,2.24,3.36,11.55,18275984147.0,4.0,0.201,1.0,0.0,0.0
2.71,14330374482261.0,8.12,30.21,8.27,2.86,4.8,16.05,7115471244.0,5.0,0.251,1.0,0.0,0.0
13.12,1630727760169453.0,3.49,25.48,4.03,1.17,1.45,13.33,285855656252.0,7.0,0.22,1.0,0.0,0.0
26.36,1.3234722863887356e+16,9.5,36.35,5.92,1.51,1.7,18.75,6248434372303.0,8.0,0.012,1.0,0.0,0.0
10.49,1635988130254361.0,21.21,3.56,6.72,1.85,2.38,26.69,2838059847560.0,4.0,0.223,0.0,0.0,1.0
3.54,32078770592404.0,12.11,23.65,5.15,1.12,1.37,10.11,20403467639.0,7.0,0.153,1.0,0.0,0.0
2.58,48060487491315.0,50.43,0.08,8.86,2.02,2.88,5.61,179847474620.0,5.0,0.063,0.0,1.0,0.0
11.62,1135021375104132.0,14.58,29.6,7.23,1.71,2.27,31.73,581382040907.0,5.0,0.168,1.0,0.0,0.0
2.31,8865224341553.0,13.08,22.35,7.78,2.47,3.87,14.58,5349826897.0,6.0,0.177,1.0,0.0,0.0
9.58,634989497706029.0,9.86,34.55,7.94,2.37,3.66,12.49,470710895956.0,7.0,0.154,1.0,0.0,0.0
0.26,25819178346.0,5.69,1.71,4.99,1.56,1.9,18.18,7713432.0,7.0,0.65,0.0,0.0,1.0
1.98,11002616240929.0,16.21,2.52,5.08,1.53,1.87,13.62,12473599467.0,3.0,0.159,0.0,0.0,1.0
6.28,178992345450532.0,5.22,27.76,7.85,1.62,2.08,6.66,27228650461.0,8.0,0.315,1.0,0.0,0.0
0.66,410240383182.0,16.55,3.37,6.11,1.72,2.23,24.88,531213321.0,1.0,0.072,0.0,0.0,1.0
8.3,412499415673382.0,3.88,38.07,4.3,0.95,0.86,36.48,132275822655.0,2.0,0.165,1.0,0.0,0.0
2.56,12077323351202.0,2.58,27.9,8.48,2.76,4.57,7.23,2570857534.0,4.0,0.264,1.0,0.0,0.0
29.63,1.87961297569774e+16,1.42,22.35,4.82,1.5,1.92,15.72,3141212537341.0,8.0,0.304,1.0,0.0,0.0
4.35,116725146977112.0,26.24,2.1,5.78,1.3,1.46,3.1,160452514941.0,6.0,0.523,0.0,0.0,1.0
3.12,21892914473148.0,10.43,31.12,7.27,1.54,1.79,4.84,10856956297.0,4.0,0.092,1.0,0.0,0.0
9.69,657770345438541.0,11.87,31.86,11.36,3.6,6.66,11.91,514810071079.0,2.0,0.673,1.0,0.0,0.0
5.66,130952858737162.0,3.29,21.51,5.34,1.61,1.91,1.19,35325852559.0,5.0,0.172,1.0,0.0,0.0
6.96,479216931851899.0,9.5,5.14,7.81,2.08,2.95,31.8,239586766822.0,2.0,0.061,0.0,0.0,1.0
4.64,72024048476053.0,9.65,24.28,7.6,1.21,1.27,14.54,53050439414.0,2.0,0.399,1.0,0.0,0.0
60.65,1.6120751043909456e+17,7.55,32.39,6.35,1.4,1.6,11.57,87901856300574.0,2.0,0.083,1.0,0.0,0.0
3.44,57593286472050.0,22.54,3.04,8.69,2.53,4.03,11.05,102427706913.0,3.0,0.117,0.0,0.0,1.0
18.65,4690383839505837.0,8.93,27.04,8.63,2.51,3.91,18.35,2123170407200.0,2.0,0.187,1.0,0.0,0.0
1.03,783225821796.0,6.02,31.24,7.31,1.88,2.62,19.48,221987033.0,7.0,0.313,1.0,0.0,0.0
7.21,531026418250018.0,13.86,6.19,6.4,2.51,4.02,19.61,844646405629.0,2.0,0.442,0.0,0.0,1.0
2.12,6885967583331.0,7.44,19.57,6.65,1.31,1.26,13.95,4503256854.0,5.0,0.371,1.0,0.0,0.0
2.0,5757409698926.0,6.03,27.84,8.73,2.63,4.14,13.32,1775741768.0,2.0,0.12,1.0,0.0,0.0
5.71,134186238817022.0,4.44,30.94,5.45,2.37,3.51,5.69,47073852878.0,3.0,0.357,1.0,0.0,0.0
21.78,1.4655012231823336e+16,18.99,1.24,4.82,1.44,1.74,5.99,8827764782075.0,1.0,0.525,0.0,0.0,1.0
19.81,5613181628445019.0,2.86,30.16,7.74,1.69,2.21,17.88,1386333489737.0,5.0,0.14,1.0,0.0,0.0
4.15,51632734870375.0,4.23,34.91,6.3,1.68,2.16,3.96,12510982785.0,2.0,0.053,1.0,0.0,0.0
9.15,1086845433488797.0,11.93,3.02,8.1,2.61,4.19,29.09,763681657859.0,3.0,0.569,0.0,0.0,1.0
8.32,416728570388437.0,1.64,21.52,6.86,2.09,3.03,6.41,56495957421.0,4.0,0.397,1.0,0.0,0.0
4.35,116503858886185.0,21.68,6.78,7.18,2.28,3.37,11.07,114443944861.0,5.0,0.042,0.0,0.0,1.0
0.69,234000273337.0,4.59,20.96,5.7,1.63,1.95,9.72,47345944.0,3.0,0.545,1.0,0.0,0.0
3.42,28780876608170.0,1.83,31.45,7.92,2.74,4.64,9.87,2786765629.0,3.0,0.218,1.0,0.0,0.0
8.98,2018062392732290.0,71.13,0.87,8.35,2.68,4.43,30.15,9372069886498.0,4.0,0.783,0.0,1.0,0.0
9.01,528797546236204.0,3.08,30.64,5.13,1.43,1.77,16.17,184904540832.0,9.0,0.42,1.0,0.0,0.0
0.83,417143470379.0,4.14,31.37,6.17,1.13,1.15,6.14,94669897.0,6.0,0.379,1.0,0.0,0.0
2.16,7248611896743.0,7.1,25.94,11.1,4.04,8.21,29.52,3210924352.0,8.0,0.175,1.0,0.0,0.0
8.69,930076094886508.0,24.58,1.06,7.66,2.17,3.16,1.64,1762044254689.0,5.0,0.36,0.0,0.0,1.0
1.53,2597287491137.0,5.52,32.32,6.72,2.0,2.86,21.74,545857933.0,9.0,0.13,1.0,0.0,0.0
3.2,46392594531822.0,21.56,3.58,6.23,1.39,1.56,4.8,59707799595.0,2.0,0.508,0.0,0.0,1.0
5.21,200482560125430.0,13.32,3.18,2.3,1.14,1.24,19.3,170982478757.0,5.0,0.345,0.0,0.0,1.0
2.01,5870432334585.0,4.81,29.95,5.62,1.18,1.37,8.19,1765488960.0,5.0,0.052,1.0,0.0,0.0
37.59,3.837493011581308e+16,3.1,18.5,5.32,1.42,1.79,11.67,6400804701551.0,7.0,0.278,1.0,0.0,0.0
3.87,82403509030734.0,15.61,3.0,7.67,2.34,3.59,11.98,61720923063.0,9.0,0.251,0.0,0.0,1.0
4.57,68795510406030.0,10.42,24.65,12.25,4.5,9.59,5.11,44213918869.0,9.0,0.219,1.0,0.0,0.0
2.91,35039203150802.0,18.75,1.62,9.83,3.15,5.6,18.65,36081860774.0,5.0,0.151,0.0,0.0,1.0
1.7,13565569750270.0,70.32,0.81,5.65,1.54,1.89,7.01,73153006803.0,2.0,0.477,0.0,1.0,0.0
15.69,2790659071434894.0,1.37,24.34,6.68,1.69,2.17,6.62,426793082754.0,7.0,0.017,1.0,0.0,0.0
14.44,2177135678726902.0,11.72,34.02,6.69,1.77,2.49,5.54,961754657587.0,5.0,0.452,1.0,0.0,0.0
4.91,85337588161517.0,0.95,30.6,8.09,2.01,2.77,3.73,6804072629.0,5.0,0.117,1.0,0.0,0.0
11.31,2055006746404810.0,11.31,4.23,5.76,1.73,2.21,3.64,1895308176888.0,6.0,0.334,0.0,0.0,1.0
72.47,2.750313196292121e+17,4.16,23.82,6.05,1.02,1.11,14.49,84992764641862.0,1.0,0.166,1.0,0.0,0.0
31.63,2.286315082128321e+16,12.09,25.96,7.04,2.15,3.15,17.4,17660581685452.0,6.0,0.319,1.0,0.0,0.0
3.36,27290164407557.0,4.29,20.87,8.84,2.57,4.19,3.84,10859922537.0,3.0,0.178,1.0,0.0,0.0
7.41,293983119642466.0,4.03,20.33,4.48,1.0,1.04,2.6,53392638930.0,5.0,0.391,1.0,0.0,0.0
1.75,3840074847560.0,6.88,22.32,7.18,2.08,2.92,9.0,1764202227.0,2.0,0.103,1.0,0.0,0.0
10.05,732394453790121.0,5.56,28.41,6.09,2.34,3.64,2.95,334834669444.0,8.0,0.198,1.0,0.0,0.0
2.08,6548198492381.0,4.69,27.5,11.78,4.21,8.65,43.74,1642456778.0,9.0,0.399,1.0,0.0,0.0
12.26,2613605172978160.0,11.64,2.33,6.6,1.82,2.63,31.59,1542196325052.0,4.0,0.079,0.0,0.0,1.0
3.82,40349234733080.0,5.08,24.72,7.75,2.58,4.21,2.29,9685190374.0,8.0,0.288,1.0,0.0,0.0
5.67,508731275365038.0,53.49,0.44,8.84,2.31,3.4,8.93,2021801051596.0,2.0,0.583,0.0,1.0,0.0
1.37,1844840131486.0,4.55,36.75,5.79,1.73,2.39,41.55,595011800.0,3.0,0.482,1.0,0.0,0.0
16.39,3183907604280501.0,6.72,25.96,5.14,1.66,2.19,6.36,2436871895404.0,6.0,0.066,1.0,0.0,0.0
8.75,484525963755270.0,2.23,29.91,5.98,1.91,2.71,5.64,83438500531.0,2.0,0.44,1.0,0.0,0.0
0.82,787058156113.0,4.94,3.41,5.3,1.12,1.24,5.09,339748470.0,6.0,0.285,0.0,0.0,1.0
3.42,28973295931132.0,10.2,13.49,11.46,3.34,6.28,5.0,14454913491.0,6.0,0.327,1.0,0.0,0.0
0.66,210194176619.0,14.37,21.58,8.33,2.47,3.81,12.58,171559299.0,8.0,0.03,1.0,0.0,0.0
1.99,21857887187458.0,51.9,0.17,6.09,1.64,2.09,8.22,47686906734.0,3.0,0.424,0.0,1.0,0.0
4.67,73534479239578.0,8.49,29.04,7.02,1.62,2.06,9.6,29253482239.0,3.0,0.122,1.0,0.0,0.0
29.33,1.82321248916071e+16,8.22,28.36,6.44,2.22,3.38,13.55,8866842582652.0,4.0,0.266,1.0,0.0,0.0
2.24,16030314868765.0,16.67,4.61,10.82,3.79,7.56,4.97,10045523859.0,9.0,0.276,0.0,0.0,1.0
2.3,17166307998375.0,16.12,0.89,8.97,3.06,5.31,14.93,28996065235.0,7.0,0.389,0.0,0.0,1.0
2.16,7241551364011.0,14.23,20.03,8.77,2.19,3.14,49.01,6885845650.0,8.0,0.519,1.0,0.0,0.0
1.4,1991750456117.0,7.52,11.11,4.78,0.86,0.78,11.5,1043762713.0,4.0,0.286,1.0,0.0,0.0
12.73,1491142295163918.0,6.83,23.01,5.89,1.62,2.14,12.52,930331812513.0,3.0,0.181,1.0,0.0,0.0
5.09,95050253687028.0,8.81,28.68,6.66,1.93,2.75,8.63,82206659180.0,8.0,0.066,1.0,0.0,0.0
7.89,355011406086899.0,9.78,27.98,10.54,3.56,6.8,7.29,331214503575.0,7.0,0.261,1.0,0.0,0.0
31.08,2.168583333005661e+16,7.47,27.65,9.04,3.54,6.78,30.31,9000608745545.0,3.0,0.673,1.0,0.0,0.0
4.72,149438936584747.0,23.26,1.34,6.7,1.43,1.65,37.12,104022962554.0,5.0,0.223,0.0,0.0,1.0
42.43,5.521146501101918e+16,4.93,25.49,8.67,2.46,3.93,10.79,13177782715424.0,8.0,0.036,1.0,0.0,0.0
53.25,1.0911346958040242e+17,2.41,20.91,7.94,2.47,3.76,62.78,20668930873402.0,8.0,0.122,1.0,0.0,0.0
20.39,6126363899714099.0,3.65,28.91,7.95,2.15,2.98,63.84,1131940202694.0,3.0,0.36,1.0,0.0,0.0
4.64,72134705326102.0,0.56,27.56,5.45,1.21,1.55,14.68,7119278935.0,5.0,0.215,1.0,0.0,0.0
1.22,1327437471161.0,8.88,24.9,6.41,1.45,1.79,17.3,639697743.0,7.0,0.108,1.0,0.0,0.0
3.09,41967663581720.0,25.25,2.49,5.76,1.72,2.43,19.87,79709280794.0,9.0,0.157,0.0,0.0,1.0
3.04,20356626714546.0,13.58,29.0,8.48,2.64,4.34,5.97,12848924226.0,9.0,0.094,1.0,0.0,0.0
3.6,66121361463345.0,10.43,4.05,3.73,0.81,0.71,26.48,44431163826.0,6.0,0.746,0.0,0.0,1.0
16.38,3175520873011682.0,2.85,38.58,5.26,2.01,2.94,62.85,950761912493.0,4.0,0.108,1.0,0.0,0.0
10.36,803243450971540.0,10.64,27.13,5.95,2.34,3.54,100.92,542617652310.0,5.0,0.482,1.0,0.0,0.0
13.46,1761345958167275.0,4.28,27.77,5.21,1.15,1.4,29.1,512619338588.0,3.0,0.099,1.0,0.0,0.0
0.54,225599794194.0,14.33,1.51,8.46,2.57,4.02,2.36,150769266.0,5.0,0.264,0.0,0.0,1.0
1.24,5284316469117.0,75.78,0.39,8.47,2.23,3.18,27.53,23840570401.0,6.0,0.072,0.0,1.0,0.0
15.42,5207098109355393.0,11.74,0.88,7.34,2.12,3.28,18.53,3094804975593.0,1.0,0.275,0.0,0.0,1.0
6.3,180348349084923.0,1.7,13.89,6.33,1.52,2.05,22.32,26545523378.0,1.0,0.139,1.0,0.0,0.0
0.69,234544212599.0,9.25,31.98,5.38,1.79,2.25,5.18,186757147.0,7.0,0.314,1.0,0.0,0.0
1.21,1274721805412.0,1.27,23.56,9.89,3.87,7.61,8.41,97590178.0,3.0,0.222,1.0,0.0,0.0
35.99,3.367542450658681e+16,12.07,30.77,6.22,1.3,1.54,2.14,21748490274923.0,6.0,0.264,1.0,0.0,0.0
30.84,2.119452111870635e+16,3.94,21.73,9.21,3.03,5.12,4.44,4503094547261.0,7.0,0.36,1.0,0.0,0.0
4.4,61555453949368.0,6.42,34.95,11.85,3.76,7.36,6.38,15960441332.0,8.0,0.257,1.0,0.0,0.0
16.95,3520600342473609.0,3.32,35.06,5.2,1.55,1.99,8.36,808327028330.0,7.0,0.034,1.0,0.0,0.0
0.52,194521900406.0,9.24,0.93,8.0,1.72,2.2,12.24,188247284.0,7.0,0.2,0.0,0.0,1.0
8.46,437881283532522.0,12.37,33.6,6.38,1.8,2.37,14.59,260368430895.0,7.0,0.156,1.0,0.0,0.0
58.8,1.4691225397077037e+17,8.23,33.58,7.19,2.29,3.66,2.25,115338878205601.0,4.0,0.239,1.0,0.0,0.0
1.96,10725003690034.0,25.43,2.86,3.87,1.29,1.47,17.99,12249080077.0,9.0,0.071,0.0,0.0,1.0
1.34,1735856030021.0,9.73,16.5,8.54,2.29,3.51,2.56,1087572116.0,6.0,0.262,1.0,0.0,0.0
45.91,6.99263841322328e+16,5.96,15.46,5.56,1.09,1.33,3.34,33979527215236.0,9.0,0.417,1.0,0.0,0.0
1.78,7988599155606.0,18.76,1.31,8.8,2.59,4.27,10.14,9423185450.0,9.0,0.312,0.0,0.0,1.0
3.88,42082862057982.0,2.98,27.57,5.2,1.97,2.85,8.6,7838771190.0,7.0,0.256,1.0,0.0,0.0
4.24,55198967969892.0,1.41,30.84,5.1,1.23,1.45,22.27,6604246934.0,3.0,0.595,1.0,0.0,0.0
5.23,103154700647656.0,4.72,20.42,8.14,2.82,4.71,57.12,55527866203.0,9.0,0.729,1.0,0.0,0.0
13.65,1835878471292044.8,12.78,31.32,5.08,0.89,0.61,14.24,933204678696.0,7.0,0.574,1.0,0.0,0.0
2.51,11393749473040.0,2.21,35.57,6.93,1.3,1.32,15.23,2193691710.0,1.0,0.425,1.0,0.0,0.0
54.07,1.142327208211909e+17,7.3,28.69,6.53,1.74,2.3,2.35,38453752017791.0,9.0,0.409,1.0,0.0,0.0
2.15,7147797927080.0,6.03,23.32,6.19,1.1,1.13,8.51,2081539845.0,6.0,0.228,1.0,0.0,0.0
2.65,13466485384026.0,2.65,29.67,9.47,2.9,4.98,4.67,2096260233.0,4.0,0.227,1.0,0.0,0.0
19.55,5402744200211354.0,5.98,18.61,4.97,1.09,1.2,26.8,1799955606016.0,9.0,0.046,1.0,0.0,0.0
15.74,2820326127215511.0,3.63,29.96,6.27,1.62,1.91,13.05,581373147865.0,1.0,0.324,1.0,0.0,0.0
41.1,5.017139328850391e+16,1.17,26.65,4.73,0.87,0.82,26.96,4262025834390.0,2.0,0.528,1.0,0.0,0.0
0.13,3458422603.0,6.32,1.23,7.18,1.64,2.16,51.98,2071994.0,2.0,0.089,0.0,0.0,1.0
10.16,1487315973046929.0,16.6,1.43,5.86,1.16,1.21,26.38,1813986860130.0,7.0,0.311,0.0,0.0,1.0
0.67,426505032309.0,21.55,3.58,5.96,1.63,2.11,15.49,696428186.0,1.0,0.237,0.0,0.0,1.0
0.87,469429659915.0,4.89,30.72,8.98,1.76,2.47,4.17,133962188.0,2.0,0.667,1.0,0.0,0.0
33.35,2.6804217094868268e+16,13.1,27.87,5.19,0.98,0.87,16.25,11821082719451.0,5.0,0.096,1.0,0.0,0.0
6.69,216826687593103.0,7.46,29.22,8.17,1.44,1.56,13.78,91229226266.0,5.0,0.37,1.0,0.0,0.0
15.32,2595875215583740.0,7.43,34.58,6.87,1.05,1.27,9.65,1186240794507.0,6.0,0.553,1.0,0.0,0.0
7.92,705447737499639.0,12.44,2.57,6.49,1.44,1.69,18.8,644818404713.0,1.0,0.433,0.0,0.0,1.0
1.39,1958160923880.0,3.6,30.08,3.96,0.99,0.87,21.17,256936786.0,5.0,0.142,1.0,0.0,0.0
1.51,2511766791499.0,2.26,33.43,7.12,1.52,1.72,3.49,486552075.0,8.0,0.126,1.0,0.0,0.0
1.43,4128590484939.0,16.5,0.87,8.93,2.94,4.96,27.9,4024233102.0,3.0,0.357,0.0,0.0,1.0
6.84,231008231305002.0,6.82,25.22,6.44,1.72,2.33,13.3,97495010395.0,7.0,0.139,1.0,0.0,0.0
1.32,1678827054065.0,4.72,25.01,5.79,0.99,0.91,3.41,334144370.0,3.0,0.076,1.0,0.0,0.0
3.34,27006836259281.0,5.34,30.08,6.35,1.08,1.24,12.55,7696108411.0,9.0,0.401,1.0,0.0,0.0
13.5,1778862251813774.0,1.98,30.23,7.35,2.11,3.01,18.09,345307634796.0,5.0,0.137,1.0,0.0,0.0
14.85,2366040469793707.0,4.37,26.59,4.03,0.72,0.62,5.01,821798082698.0,8.0,0.519,1.0,0.0,0.0
6.79,226437255756886.0,10.77,18.53,10.52,3.59,6.86,6.09,169508380287.0,4.0,0.146,1.0,0.0,0.0
18.63,9177488269098188.0,27.39,3.82,8.26,1.9,2.66,20.57,12381312694600.0,5.0,0.487,0.0,0.0,1.0
29.19,1.797063334996542e+16,10.35,22.41,5.37,1.25,1.37,17.74,13114121452820.0,9.0,0.099,1.0,0.0,0.0
83.74,8.331989384750333e+17,22.83,4.37,8.27,2.42,3.72,22.09,909182344041075.0,2.0,0.476,0.0,0.0,1.0
2.37,37071729904710.0,71.35,0.41,7.15,1.92,2.7,3.12,129819960513.0,8.0,0.365,0.0,1.0,0.0
7.6,317590549341205.0,8.58,15.04,6.26,2.06,3.21,6.52,149342446618.0,2.0,0.322,1.0,0.0,0.0
38.67,4.178169228402926e+16,1.71,17.34,8.94,2.2,3.22,13.13,3083026643231.0,5.0,0.415,1.0,0.0,0.0
16.1,3013276385811716.0,14.06,34.3,9.47,3.41,6.24,25.49,1598229507764.0,5.0,0.169,1.0,0.0,0.0
1.37,3636388670828.0,20.66,6.7,13.23,4.5,9.51,4.3,3205295397.0,2.0,0.352,0.0,0.0,1.0
7.84,348696477753601.0,3.54,31.57,4.91,1.48,1.7,5.02,93234409038.0,2.0,0.26,1.0,0.0,0.0
0.99,711494204026.0,5.65,26.61,5.83,1.43,1.65,9.1,129806277.0,4.0,0.392,1.0,0.0,0.0
3.16,44922136561165.0,18.97,1.16,7.6,2.27,3.29,6.17,77763847262.0,6.0,0.285,0.0,0.0,1.0
4.14,51333983329467.0,6.48,28.32,4.04,0.95,0.93,4.66,16865070911.0,3.0,0.307,1.0,0.0,0.0
1.62,3089996498765.0,5.02,22.1,7.72,2.32,3.66,6.95,574891629.0,5.0,0.489,1.0,0.0,0.0
3.28,25551240734002.0,0.83,32.56,9.03,2.87,4.91,11.9,2552988381.0,1.0,0.17,1.0,0.0,0.0
3.07,20821445659871.0,1.91,24.59,5.74,1.0,0.96,5.72,3923072209.0,3.0,0.118,1.0,0.0,0.0
0.81,389276852866.0,8.45,28.68,8.06,2.01,2.92,21.2,186698297.0,3.0,0.583,1.0,0.0,0.0
2.18,7441634372832.0,3.58,34.47,6.25,1.27,1.5,28.62,2065581813.0,9.0,0.249,1.0,0.0,0.0
3.28,25610335755559.0,14.81,28.02,7.73,2.97,5.01,5.81,12389673897.0,3.0,0.719,1.0,0.0,0.0
15.06,2466105432877149.0,6.86,34.05,4.27,0.94,0.74,30.23,784742961836.0,5.0,0.301,1.0,0.0,0.0
19.54,1.0581671265036964e+16,13.07,1.36,5.04,1.37,1.53,37.89,10950728976508.0,3.0,0.177,0.0,0.0,1.0
1.4,2001585868343.0,3.81,27.65,4.66,1.05,1.09,15.71,494400272.0,3.0,0.233,1.0,0.0,0.0
0.79,354234510652.0,4.52,34.83,6.79,1.38,1.54,8.51,67529924.0,6.0,0.33,1.0,0.0,0.0
0.8,376914671825.0,11.42,30.21,10.5,3.93,7.73,23.64,304408644.0,3.0,0.477,1.0,0.0,0.0
7.44,583377078271306.0,14.96,4.25,10.65,3.12,5.44,13.89,521732998374.0,7.0,0.28,0.0,0.0,1.0
38.91,4.255018467879882e+16,4.04,25.99,5.37,1.27,1.46,55.17,9830348848164.0,3.0,0.347,1.0,0.0,0.0
1.19,1225689814264.0,4.68,28.28,5.89,1.8,2.5,9.88,331422812.0,2.0,0.296,1.0,0.0,0.0
0.59,288019964638.0,9.53,3.55,8.82,2.8,4.49,4.54,153244944.0,3.0,0.093,0.0,0.0,1.0
2.41,10091093864677.0,9.95,35.88,6.58,1.21,1.22,8.05,6809576231.0,3.0,0.208,1.0,0.0,0.0
14.63,2261270042742555.0,7.71,29.97,7.17,1.45,1.65,22.1,849626812671.0,7.0,0.025,1.0,0.0,0.0
20.78,6486514582742987.0,7.22,32.76,5.18,1.06,1.12,12.2,2819598572378.0,5.0,0.113,1.0,0.0,0.0
1.66,3314426612969.0,8.13,19.95,5.58,1.59,2.0,8.23,1528264564.0,8.0,0.28,1.0,0.0,0.0
21.25,1.3617342172389044e+16,9.46,2.87,8.33,2.28,3.47,7.9,11542071769254.0,5.0,0.404,0.0,0.0,1.0
1.81,4304499434410.0,1.89,28.59,2.91,0.61,0.44,2.91,955004181.0,7.0,0.21,1.0,0.0,0.0
9.18,2154004552953496.8,65.57,0.65,6.86,1.71,2.3,7.67,8412324393483.0,8.0,0.348,0.0,1.0,0.0
9.08,541279711320435.0,0.72,15.16,4.78,1.26,1.28,2.98,52285888043.0,7.0,0.377,1.0,0.0,0.0
3.16,22749276613770.0,0.66,31.12,4.65,1.26,1.31,1.06,1826943103.0,1.0,0.138,1.0,0.0,0.0
1.27,1466322973236.0,6.93,27.62,6.03,1.52,1.92,14.24,359470540.0,6.0,0.478,1.0,0.0,0.0
26.81,1.3928160549012812e+16,4.52,26.2,4.89,1.2,1.51,4.95,4904375334214.0,9.0,0.303,1.0,0.0,0.0
2.49,11168216401136.0,11.73,30.37,9.67,3.23,5.77,15.18,5813575069.0,9.0,0.614,1.0,0.0,0.0
21.37,7053805642617364.0,13.98,27.45,6.05,1.75,2.2,7.12,3134503760201.0,8.0,0.1,1.0,0.0,0.0
6.34,184207167368329.0,3.27,25.89,8.09,2.76,4.64,15.84,43270797559.0,3.0,0.035,1.0,0.0,0.0
16.25,1.1962332331292384e+16,76.95,0.22,8.52,2.76,4.7,6.68,74801873885572.0,7.0,0.363,0.0,1.0,0.0
1.17,1155163965230.0,8.58,34.97,7.73,2.39,3.74,14.0,749151755.0,4.0,0.178,1.0,0.0,0.0
3.33,26569551017503.0,2.53,22.57,5.92,1.49,1.88,12.29,6236592001.0,5.0,0.191,1.0,0.0,0.0
5.21,102220183479737.0,3.93,27.69,8.87,2.46,3.84,21.44,32610651914.0,9.0,0.252,1.0,0.0,0.0
4.93,86326843719026.0,3.42,35.68,6.28,1.52,1.83,18.54,20200503591.0,4.0,0.354,1.0,0.0,0.0
24.32,1.03910974119865e+16,6.46,31.18,6.2,2.26,3.26,33.21,4528853263732.0,8.0,0.215,1.0,0.0,0.0
100.0,2.78554548618295e+18,62.35,0.12,6.9,1.97,2.77,5.69,1.0008465835279596e+16,7.0,0.388,0.0,1.0,0.0
2.31,17518014059239.0,21.27,1.7,8.0,2.65,4.17,10.58,23052027824.0,7.0,0.118,0.0,0.0,1.0
6.63,210170825643314.0,16.05,20.45,5.11,1.08,1.05,13.48,140374859415.0,8.0,0.358,1.0,0.0,0.0
0.64,193270546840.0,7.06,29.47,6.98,0.96,0.95,5.65,103109003.0,1.0,0.1,1.0,0.0,0.0
43.01,5.750140246335575e+16,5.57,35.52,5.52,1.04,1.06,6.96,18998356876882.0,5.0,0.367,1.0,0.0,0.0
3.11,42882843747829.0,3.88,2.05,11.13,3.62,6.8,25.63,14845770204.0,1.0,0.316,0.0,0.0,1.0
4.38,60651437373789.0,12.08,24.74,6.74,2.84,4.89,10.21,35967530153.0,3.0,0.022,1.0,0.0,0.0
1.99,11135561437469.0,11.45,1.68,7.64,1.85,2.65,16.5,14675000084.0,4.0,0.154,0.0,0.0,1.0
4.72,293584358101385.0,44.82,0.25,3.84,1.04,1.05,4.56,578235173866.0,7.0,0.129,0.0,1.0,0.0
2.05,6234940886294.0,2.16,37.34,5.76,1.31,1.4,32.43,965504491.0,3.0,0.653,1.0,0.0,0.0
5.36,218136692791433.0,15.14,3.2,8.88,2.83,4.69,6.0,184850837993.0,4.0,0.51,0.0,0.0,1.0
13.86,3777037791181905.5,13.54,0.45,6.18,1.85,2.57,28.4,2736558645973.0,4.0,0.108,0.0,0.0,1.0
14.56,4377682722951509.0,13.21,4.92,4.37,1.09,1.19,10.83,2342695748733.0,8.0,0.089,0.0,0.0,1.0
34.56,5.8565019015814696e+16,16.21,0.34,10.67,3.71,7.17,20.54,55484748332797.0,6.0,0.191,0.0,0.0,1.0
0.86,890804609242.0,7.03,0.83,6.59,2.23,3.44,9.32,494953145.0,2.0,0.259,0.0,0.0,1.0
2.93,18240698186313.0,3.78,10.92,7.48,1.68,2.34,4.86,4605367738.0,7.0,0.179,1.0,0.0,0.0
1.13,1049391529962.0,4.44,29.61,6.67,1.38,1.63,29.85,157742393.0,7.0,0.261,1.0,0.0,0.0
3.74,37896312145026.0,10.22,28.37,3.12,0.71,0.73,7.05,28419894975.0,3.0,0.229,1.0,0.0,0.0
20.22,5977609201091632.0,5.91,16.23,9.39,2.92,5.04,11.6,1478726919910.0,5.0,0.34,1.0,0.0,0.0
2.0,5796242085168.0,2.89,28.28,7.89,2.36,3.82,16.16,762322572.0,5.0,0.276,1.0,0.0,0.0
6.67,214052808177090.0,5.03,18.3,6.88,2.28,3.48,30.32,83388389767.0,6.0,0.718,1.0,0.0,0.0
0.88,955459353213.0,15.54,4.84,5.45,1.01,1.1,5.84,473817316.0,3.0,0.246,0.0,0.0,1.0
1.28,1501064282428.0,4.34,35.38,7.48,1.04,1.2,28.08,454031849.0,5.0,0.348,1.0,0.0,0.0
3.09,82403214645775.0,52.02,0.03,4.47,0.74,0.63,18.01,301308520512.0,4.0,0.32,0.0,1.0,0.0
0.88,492313002486.0,12.87,25.05,8.03,2.66,4.31,8.75,394001231.0,8.0,0.166,1.0,0.0,0.0
14.81,2348693431207737.0,5.42,20.19,8.84,2.13,3.38,33.65,695782843815.0,5.0,0.528,1.0,0.0,0.0
